address,decorated
0x00430F8E,___from_strstr_to_strchr
0x004329D7,__NLG_Return
0x0043A547,__NLG_Dispatch
0x0043A547,__NLG_Dispatch2
0x0043A552,__NLG_Return2
0x004578C4,__sqrt_common
0x004579EF,__acos_default
0x00457AC8,__acos_pentium4
0x0045805F,__cos_default
0x00458118,__cos_pentium4
0x004582FF,__sin_default
0x004583B8,__sin_pentium4
0x00467A9F,__rttospopde
0x00467AA4,__rttospop
0x00467AC1,__rtnospopde
0x00467AC8,__rtzeropop
0x00467ACA,__rtzeronpop
0x00467ADD,__rtonepop
0x00467BA2,__rtindfnpop
0x00467BB3,__rttosnpopde
0x00467BDD,__rtchsifneg
0x0046B29F,__log10_default
0x0046E008,__log10_pentium4
0x0046E2F7,__rtinfpopse
0x0046E2F9,__rtinfnpopse
0x0046E309,__fFLN
0x0046E3BE,__rtinfpop
0x0046E3C0,__rtinfnpop
0x0046E3DD,__ffexpm1
0x00470106,__alloca_probe_8
0x00473000,__imp__RegSetValueExA@24
0x00473004,__imp__RegDeleteValueA@8
0x00473008,__imp__RegCreateKeyExA@36
0x0047300C,__imp__RegQueryValueExA@24
0x00473010,__imp__RegOpenKeyExA@20
0x00473014,__imp__RegCloseKey@4
0x00473018,ADVAPI32_NULL_THUNK_DATA
0x0047301C,__imp__DirectDrawEnumerateExA@12
0x00473020,__imp__DirectDrawCreateEx@16
0x00473024,DDRAW_NULL_THUNK_DATA
0x00473028,__imp__DirectInputCreateEx@20
0x0047302C,DINPUT_NULL_THUNK_DATA
0x00473030,__imp__DirectSoundCreate@12
0x00473034,DSOUND_NULL_THUNK_DATA
0x00473038,__imp__StretchBlt@44
0x0047303C,__imp__GetPixel@12
0x00473040,__imp__GetObjectA@12
0x00473044,__imp__GetDIBColorTable@16
0x00473048,__imp__SelectObject@8
0x0047304C,__imp__DeleteObject@4
0x00473050,__imp__DeleteDC@4
0x00473054,__imp__CreateCompatibleDC@4
0x00473058,__imp__BitBlt@36
0x0047305C,__imp__ExtTextOutA@32
0x00473060,__imp__SetTextColor@8
0x00473064,__imp__SetBkMode@8
0x00473068,__imp__GetStockObject@4
0x0047306C,__imp__SetPixel@16
0x00473070,GDI32_NULL_THUNK_DATA
0x00473074,__imp__GetTickCount@0
0x00473078,__imp__GetModuleFileNameA@12
0x0047307C,__imp__CloseHandle@4
0x00473080,__imp__GetLastError@0
0x00473084,__imp__ReleaseMutex@4
0x00473088,__imp__CreateMutexA@12
0x0047308C,__imp__FlushFileBuffers@4
0x00473090,__imp__DecodePointer@4
0x00473094,__imp__SetFilePointerEx@20
0x00473098,__imp__GetFileSizeEx@8
0x0047309C,__imp__GetStringTypeW@16
0x004730A0,__imp__SetStdHandle@8
0x004730A4,__imp__OutputDebugStringW@4
0x004730A8,__imp__SetConsoleCtrlHandler@8
0x004730AC,__imp__GetProcessHeap@0
0x004730B0,__imp__EnumSystemLocalesW@8
0x004730B4,__imp__GetUserDefaultLCID@0
0x004730B8,__imp__IsValidLocale@8
0x004730BC,__imp__GetLocaleInfoW@16
0x004730C0,__imp__LCMapStringW@24
0x004730C4,__imp__CompareStringW@24
0x004730C8,__imp___lclose@4
0x004730CC,__imp__GetDateFormatW@24
0x004730D0,__imp__SetEnvironmentVariableW@8
0x004730D4,__imp__FreeEnvironmentStringsW@4
0x004730D8,__imp__GetEnvironmentStringsW@0
0x004730DC,__imp__WideCharToMultiByte@32
0x004730E0,__imp__MultiByteToWideChar@24
0x004730E4,__imp__GetCommandLineW@0
0x004730E8,__imp__GetCommandLineA@0
0x004730EC,__imp__GetCPInfo@8
0x004730F0,__imp__GetOEMCP@0
0x004730F4,__imp__GetACP@0
0x004730F8,__imp__IsValidCodePage@4
0x004730FC,__imp__FindNextFileW@8
0x00473100,__imp__FindFirstFileExW@24
0x00473104,__imp__FindClose@4
0x00473108,__imp__GetFileType@4
0x0047310C,__imp__GetCurrentThread@0
0x00473110,__imp__HeapAlloc@12
0x00473114,__imp__HeapFree@12
0x00473118,__imp__WriteFile@20
0x0047311C,__imp__GetStdHandle@4
0x00473120,__imp__GetModuleFileNameW@12
0x00473124,__imp__GetModuleHandleExW@12
0x00473128,__imp__ExitProcess@4
0x0047312C,__imp__LoadLibraryExW@12
0x00473130,__imp__GetProcAddress@8
0x00473134,__imp__FreeLibrary@4
0x00473138,__imp___lread@12
0x0047313C,__imp___lopen@8
0x00473140,__imp__LockResource@4
0x00473144,__imp__LoadResource@8
0x00473148,__imp__OutputDebugStringA@4
0x0047314C,__imp__lstrcmpiA@8
0x00473150,__imp__lstrcpynA@12
0x00473154,__imp__GetModuleHandleA@4
0x00473158,__imp__lstrlenA@4
0x0047315C,__imp__lstrcatA@8
0x00473160,__imp__lstrcpyA@8
0x00473164,__imp__GetConsoleOutputCP@0
0x00473168,__imp__WriteConsoleW@20
0x0047316C,__imp__GetConsoleMode@8
0x00473170,__imp__FindResourceA@12
0x00473174,__imp__CreateFileW@28
0x00473178,__imp__HeapSize@12
0x0047317C,__imp__HeapReAlloc@16
0x00473180,__imp__ReadFile@20
0x00473184,__imp__ReadConsoleW@20
0x00473188,__imp__SetEndOfFile@4
0x0047318C,__imp__GetTimeFormatW@24
0x00473190,__imp__TlsFree@4
0x00473194,__imp__TlsSetValue@8
0x00473198,__imp__UnhandledExceptionFilter@4
0x0047319C,__imp__SetUnhandledExceptionFilter@4
0x004731A0,__imp__GetCurrentProcess@0
0x004731A4,__imp__TerminateProcess@8
0x004731A8,__imp__IsProcessorFeaturePresent@4
0x004731AC,__imp__IsDebuggerPresent@0
0x004731B0,__imp__GetStartupInfoW@4
0x004731B4,__imp__GetModuleHandleW@4
0x004731B8,__imp__QueryPerformanceCounter@4
0x004731BC,__imp__GetCurrentProcessId@0
0x004731C0,__imp__GetCurrentThreadId@0
0x004731C4,__imp__GetSystemTimeAsFileTime@4
0x004731C8,__imp__InitializeSListHead@4
0x004731CC,__imp__RtlUnwind@16
0x004731D0,__imp__RaiseException@16
0x004731D4,__imp__InterlockedPushEntrySList@8
0x004731D8,__imp__InterlockedFlushSList@4
0x004731DC,__imp__SetLastError@4
0x004731E0,__imp__EncodePointer@4
0x004731E4,__imp__EnterCriticalSection@4
0x004731E8,__imp__LeaveCriticalSection@4
0x004731EC,__imp__DeleteCriticalSection@4
0x004731F0,__imp__InitializeCriticalSectionAndSpinCount@8
0x004731F4,__imp__TlsAlloc@0
0x004731F8,__imp__TlsGetValue@4
0x004731FC,KERNEL32_NULL_THUNK_DATA
0x00473200,__imp__ShellExecuteA@24
0x00473204,SHELL32_NULL_THUNK_DATA
0x00473208,__imp__GetWindowTextA@12
0x0047320C,__imp__SystemParametersInfoA@16
0x00473210,__imp__PostMessageA@16
0x00473214,__imp__LoadImageA@24
0x00473218,__imp__ClientToScreen@8
0x0047321C,__imp__GetClientRect@8
0x00473220,__imp__RedrawWindow@16
0x00473224,__imp__DrawMenuBar@4
0x00473228,__imp__GetDesktopWindow@0
0x0047322C,__imp__SetWindowTextA@8
0x00473230,__imp__GetForegroundWindow@0
0x00473234,__imp__EnableWindow@8
0x00473238,__imp__GetDlgItem@8
0x0047323C,__imp__wsprintfA
0x00473240,__imp__LoadIconA@8
0x00473244,__imp__LoadCursorA@8
0x00473248,__imp__SetWindowLongA@12
0x0047324C,__imp__GetWindowLongA@8
0x00473250,__imp__SetRect@20
0x00473254,__imp__SetCursor@4
0x00473258,__imp__MessageBoxA@16
0x0047325C,__imp__AdjustWindowRectEx@16
0x00473260,__imp__GetWindowRect@8
0x00473264,__imp__UpdateWindow@4
0x00473268,__imp__GetMenu@4
0x0047326C,__imp__GetSystemMetrics@4
0x00473270,__imp__TranslateAcceleratorA@12
0x00473274,__imp__LoadAcceleratorsA@8
0x00473278,__imp__EndDialog@8
0x0047327C,__imp__DialogBoxParamA@20
0x00473280,__imp__SetWindowPos@28
0x00473284,__imp__DestroyWindow@4
0x00473288,__imp__CreateWindowExA@48
0x0047328C,__imp__RegisterClassA@4
0x00473290,__imp__PostQuitMessage@4
0x00473294,__imp__DefWindowProcA@16
0x00473298,__imp__SendMessageA@16
0x0047329C,__imp__PeekMessageA@20
0x004732A0,__imp__DispatchMessageA@4
0x004732A4,__imp__TranslateMessage@4
0x004732A8,__imp__GetMessageA@16
0x004732AC,USER32_NULL_THUNK_DATA
0x004732B0,__imp__mciSendStringA@16
0x004732B4,__imp__mmioOpenA@12
0x004732B8,__imp__mmioRead@12
0x004732BC,__imp__mmioAscend@12
0x004732C0,__imp__mmioDescend@16
0x004732C4,__imp__timeGetTime@0
0x004732C8,WINMM_NULL_THUNK_DATA
0x004732CC,__imp__DirectXFileCreate@4
0x004732D0,d3dxof_NULL_THUNK_DATA
0x004732D4,___guard_check_icall_fptr
0x004732D8,___guard_xfg_check_icall_fptr
0x004732DC,___xc_a
0x004732E8,___xc_z
0x004732EC,___xi_a
0x004732F8,___acrt_stdio_initializer
0x004732FC,___acrt_tran_sse2_initializer
0x00473300,___acrt_multibyte_initializer
0x00473304,___acrt_fmode_initializer
0x00473308,___xi_z
0x0047330C,___xp_a
0x00473310,___acrt_locale_terminator
0x00473314,___dcrt_console_output_terminator
0x00473318,___acrt_stdio_terminator
0x0047331C,___xp_z
0x00473320,___xt_a
0x00473324,___xt_z
0x00473800,??_7CD3DApplication@@6B@
0x00473834,__real@3a83126f
0x00473838,__real@3f000000
0x0047383C,__real@3f800000
0x00473840,__xmm@41f00000000000000000000000000000
0x004738AC,__real@00800000
0x004738B0,__real@3dcccccd
0x004738B4,__real@7f7fffff
0x004738B8,__real@bf800000
0x004738BC,__real@00000000
0x004738C0,__real@3ee4f8b580000000
0x004738C8,__real@3f50624de0000000
0x004738D0,__real@40000000
0x004738E0,__xmm@80000000800000008000000080000000
0x004738F4,??_7TextureContainer@@6B@
0x00473954,__real@358637bd
0x00473958,__real@3f847ae140000000
0x00473960,__real@47efffffe0000000
0x004739C8,??_7JNumber@@6B@
0x004739D4,??_7JDInput@@6B@
0x004739DC,??_7JBaseList@@6B@
0x00473A78,??_7JMidiList@@6B@
0x00473A80,??_7JObject3DList@@6B@
0x00473A88,??_7JObject3DBase@@6B@
0x00473AAC,??_7JObject3DX@@6B@
0x00473AD0,??_7JObject3D@@6B@
0x00473AF8,??_7JObject3D_Rect@@6B@
0x00473B24,??_7JObject3D_Shadow@@6B@
0x00473B50,??_7JObject3D_Particle@@6B@
0x00473B78,__real@38d1b717
0x00473B7C,__real@437f0000
0x00473B80,__real@bfc90fdb
0x00473B90,??_7JSound@@6B@
0x00473B98,??_7JSoundList@@6B@
0x00473B9C,__real@42c80000
0x00473BA0,__real@461c4000
0x00473BA8,??_7JSprite@@6B@
0x00473BBC,??_7JString@@6B@
0x00473BD0,??_7JStringList@@6B@
0x00473BD8,??_7JSurface@@6B@
0x00473BE0,??_7JSurfaceList@@6B@
0x00473BE8,??_7JWinReg@@6B@
0x00473CF8,??_7XFPSDisplay@@6B@
0x00473D00,??_7XApplication@@6B@
0x00473D38,__real@3f3ba866
0x00473D3C,__real@3f400000
0x00473D40,__real@3f451eb8
0x00473D44,__real@41200000
0x00473D48,__real@44fa0000
0x00473D50,??_7XCrystalList@@6B@
0x00473D58,??_7XCrystal@@6B@
0x00473D7C,??_7XParticleList@@6B@
0x00473D84,??_7XParticleBase@@6B@
0x00473DB4,??_7XParticle_EnemyExplode@@6B@
0x00473DE4,??_7XParticle_EnemyFireSmokePurple@@6B@
0x00473E14,??_7XParticle_EnemyFireSmokeGreen@@6B@
0x00473E44,??_7XParticle_PacFireHit@@6B@
0x00473E74,??_7XEnemyFireList@@6B@
0x00473E7C,??_7XEnemyFireBase@@6B@
0x00473EAC,??_7XEnemyFire_CannonUp@@6B@
0x00473EDC,??_7XEnemyFire_Cannon@@6B@
0x00473F0C,??_7XEnemyFire_UFO@@6B@
0x00473F3C,??_7XEnemyFire_Steam@@6B@
0x00473F68,__real@3c482b17
0x00473F6C,__real@3c8efa35
0x00473F70,__real@3d8efa35
0x00473F74,__real@3e4ccccd
0x00473F78,__real@3eaaaaab
0x00473F7C,__real@3f2aaaab
0x00473F80,__real@3f4ccccd
0x00473F84,__real@3f666666
0x00473F88,__real@3f99999a
0x00473F8C,__real@3fc90fdb
0x00473F90,__real@3fcccccd
0x00473F94,__real@40490fdb
0x00473F98,__real@40e00000
0x00473F9C,__real@41000000
0x00473FA0,__real@41400000
0x00473FA4,__real@41880000
0x00473FA8,__real@41900000
0x00473FAC,__real@41a00000
0x00473FB0,__real@41f00000
0x00473FB4,__real@42340000
0x00473FB8,__real@42480000
0x00473FBC,__real@425c0000
0x00473FC0,__real@42700000
0x00473FC4,__real@428c0000
0x00473FC8,__real@42a00000
0x00473FCC,__real@42f00000
0x00473FD0,__real@43160000
0x00473FD4,__real@43200000
0x00473FD8,__real@43480000
0x00473FDC,__real@44480000
0x00473FE0,__real@bfb33333
0x00473FE4,__real@c1a00000
0x00473FEC,??_7XEnemyList@@6B@
0x00473FF4,??_7XEnemyBase@@6B@
0x00474034,??_7XEnemy_Ghost@@6B@
0x00474074,??_7XEnemy_Cube@@6B@
0x004740B4,??_7XEnemy_Kurage@@6B@
0x004740F4,??_7XEnemy_UFO@@6B@
0x00474134,??_7XEnemy_Sesame@@6B@
0x00474174,??_7XNeedleBall@@6B@
0x004741B4,??_7XNeedleBallFast@@6B@
0x004741F4,??_7XNeedleBox@@6B@
0x00474234,??_7XNeedleBoxDrop@@6B@
0x00474274,??_7XGate@@6B@
0x004742B0,__real@3cdbf717
0x004742B4,__real@3d00adfd
0x004742B8,__real@3d32b8c2
0x004742BC,__real@3d37d3fb
0x004742C0,__real@3e0efa35
0x004742C4,__real@3ecccccd
0x004742C8,__real@40400000
0x004742CC,__real@4096cbe4
0x004742D0,__real@41100000
0x004742D4,__real@41700000
0x004742D8,__real@420c0000
0x004742DC,__real@42200000
0x004742E0,__real@423c0000
0x004742E4,__real@42540000
0x004742E8,__real@427c0000
0x004742EC,__real@42820000
0x004742F4,??_7XStatusDisplay@@6B@
0x004742FC,??_7XProcessObject@@6B@
0x0047430C,??_7XGameObject@@6B@
0x00474318,__real@43020000
0x0047431C,__real@43d20000
0x00474320,__real@44098000
0x00474328,??_7XCamera@@6B@
0x00474330,??_7XPreviewMap@@6B@
0x00474338,??_7XMap@@6B@
0x0047433C,__real@3aa02279
0x00474340,__real@3bab92a6
0x00474344,__real@3c0efa35
0x00474348,__real@3cd67750
0x0047434C,__real@3e800000
0x00474350,__real@3f060a92
0x00474354,__real@3f333333
0x00474358,__real@3f490fdb
0x0047435C,__real@3fb5dca8
0x00474360,__real@430c0000
0x00474364,__real@43fa0000
0x00474368,__real@bc0efa35
0x0047436C,__real@bf060a92
0x00474370,__real@c2c80000
0x00474378,??_7XMapObjectList@@6B@
0x00474380,??_7XMapObjectBase@@6B@
0x004743AC,??_7XVolcano@@6B@
0x004743D8,??_7XCannonUp@@6B@
0x00474404,??_7XCannon@@6B@
0x00474430,??_7XPole@@6B@
0x0047445C,??_7XShortPole@@6B@
0x00474488,??_7XTree@@6B@
0x004744B4,??_7XSteam@@6B@
0x004744DC,__real@42b40000
0x004744E0,__real@43070000
0x004744E4,__real@43110000
0x004744EC,??_7XPacFireList@@6B@
0x004744F4,??_7XPacFire@@6B@
0x00474520,??_7XPac@@6B@
0x00474540,__real@40200000
0x00474544,__real@41500000
0x00474548,__real@41c00000
0x0047458C,??_7XTitleBackground@@6B@
0x00474594,??_7XLogoObject@@6B@
0x004745A4,??_7XRegisterInfoObject@@6B@
0x004745B4,??_7XSelectLevelObject@@6B@
0x004745C4,??_7XTitleObject@@6B@
0x004745D4,??_7XEndingObject@@6B@
0x004745E0,__real@3c2b92a6
0x004745E4,__real@3c64c388
0x004745E8,__real@3ca3d70a
0x004745EC,__real@3f266666
0x004745F0,__real@3f8ccccd
0x004745F4,__real@3fb33333
0x004745F8,__real@3fc00000
0x004745FC,__real@3fe3d70a
0x00474600,__real@432a0000
0x00474604,__real@43340000
0x00474608,__real@43c80000
0x0047460C,__real@44160000
0x00474610,__real@44340000
0x00474614,__real@c2f00000
0x00474618,_KSDATAFORMAT_SUBTYPE_DIRECTMUSIC
0x00474628,_KSDATAFORMAT_SUBTYPE_MIDI
0x00474638,_IID_IKsControl
0x00474648,_IID_IDirectMusicSegment2
0x00474658,_IID_IDirectMusicPerformance2
0x00474668,_IID_IDirectMusicBand
0x00474678,_IID_IDirectMusicComposer
0x00474688,_IID_IDirectMusicChordMap
0x00474698,_IID_IDirectMusicStyle
0x004746A8,_IID_IDirectMusicGraph
0x004746B8,_IID_IDirectMusicTool
0x004746C8,_IID_IDirectMusicPerformance
0x004746D8,_IID_IDirectMusicTrack
0x004746E8,_IID_IDirectMusicSegmentState
0x004746F8,_IID_IDirectMusicSegment
0x00474708,_IID_IDirectMusicObject
0x00474718,_IID_IDirectMusicGetLoader
0x00474728,_IID_IDirectMusicLoader
0x00474738,_GUID_DefaultGMCollection
0x00474748,_GUID_PerfAutoDownload
0x00474758,_GUID_PerfMasterGrooveLevel
0x00474768,_GUID_PerfMasterVolume
0x00474778,_GUID_PerfMasterTempo
0x00474788,_GUID_SeedVariations
0x00474798,_GUID_EnableTempo
0x004747A8,_GUID_DisableTempo
0x004747B8,_GUID_EnableTimeSig
0x004747C8,_GUID_DisableTimeSig
0x004747D8,_GUID_StandardMIDIFile
0x004747E8,_GUID_Clear_All_Bands
0x004747F8,_GUID_Disable_Auto_Download
0x00474808,_GUID_Enable_Auto_Download
0x00474818,_GUID_ConnectToDLSCollection
0x00474828,_GUID_Unload
0x00474838,_GUID_Download
0x00474848,_GUID_MuteParam
0x00474858,_GUID_IDirectMusicChordMap
0x00474868,_GUID_IDirectMusicBand
0x00474878,_GUID_TempoParam
0x00474888,_GUID_TimeSignature
0x00474898,_GUID_IDirectMusicStyle
0x004748A8,_GUID_RhythmParam
0x004748B8,_GUID_ChordParam
0x004748C8,_GUID_CommandParam2
0x004748D8,_GUID_CommandParam
0x004748E8,_GUID_NOTIFICATION_COMMAND
0x004748F8,_GUID_NOTIFICATION_CHORD
0x00474908,_GUID_NOTIFICATION_MEASUREANDBEAT
0x00474918,_GUID_NOTIFICATION_PERFORMANCE
0x00474928,_GUID_NOTIFICATION_SEGMENT
0x00474938,_GUID_DirectMusicAllTypes
0x00474948,_CLSID_DirectMusicMuteTrack
0x00474958,_CLSID_DirectMusicChordMapTrack
0x00474968,_CLSID_DirectMusicBand
0x00474978,_CLSID_DirectMusicBandTrack
0x00474988,_CLSID_DirectMusicLoader
0x00474998,_CLSID_DirectMusicSignPostTrack
0x004749A8,_CLSID_DirectMusicComposer
0x004749B8,_CLSID_DirectMusicChordMap
0x004749C8,_CLSID_DirectMusicMotifTrack
0x004749D8,_CLSID_DirectMusicStyleTrack
0x004749E8,_CLSID_DirectMusicCommandTrack
0x004749F8,_CLSID_DirectMusicChordTrack
0x00474A08,_CLSID_DirectMusicStyle
0x00474A18,_CLSID_DirectMusicTimeSigTrack
0x00474A28,_CLSID_DirectMusicSysExTrack
0x00474A38,_CLSID_DirectMusicSeqTrack
0x00474A48,_CLSID_DirectMusicTempoTrack
0x00474A58,_CLSID_DirectMusicGraph
0x00474A68,_CLSID_DirectMusicSegmentState
0x00474A78,_CLSID_DirectMusicSegment
0x00474A88,_CLSID_DirectMusicPerformance
0x00474A98,_GUID_DMUS_PROP_Volume
0x00474AA8,_GUID_DMUS_PROP_LegacyCaps
0x00474AB8,_GUID_DMUS_PROP_Effects
0x00474AC8,_GUID_DMUS_PROP_WavesReverb
0x00474AD8,_GUID_DMUS_PROP_MemorySize
0x00474AE8,_GUID_DMUS_PROP_WritePeriod
0x00474AF8,_GUID_DMUS_PROP_WriteLatency
0x00474B08,_GUID_DMUS_PROP_SamplePlaybackRate
0x00474B18,_GUID_DMUS_PROP_SampleMemorySize
0x00474B28,_GUID_DMUS_PROP_SynthSink_WAVE
0x00474B38,_GUID_DMUS_PROP_SynthSink_DSOUND
0x00474B48,_GUID_DMUS_PROP_INSTRUMENT2
0x00474B58,_GUID_DMUS_PROP_DLS2
0x00474B68,_GUID_DMUS_PROP_DLS1
0x00474B78,_GUID_DMUS_PROP_GS_Capable
0x00474B88,_GUID_DMUS_PROP_XG_Capable
0x00474B98,_GUID_DMUS_PROP_XG_Hardware
0x00474BA8,_GUID_DMUS_PROP_GS_Hardware
0x00474BB8,_GUID_DMUS_PROP_GM_Hardware
0x00474BC8,_IID_IDirectMusic2
0x00474BD8,_IID_IDirectMusicDownloadedInstrument
0x00474BE8,_IID_IDirectMusicInstrument
0x00474BF8,_IID_IDirectMusicCollection
0x00474C08,_IID_IDirectMusicDownload
0x00474C18,_IID_IDirectMusicPortDownload
0x00474C28,_IID_IDirectMusicThru
0x00474C38,_IID_IDirectMusicPort
0x00474C48,_IID_IDirectMusicBuffer
0x00474C58,_IID_IDirectMusic
0x00474C68,_CLSID_DirectMusicSynth
0x00474C78,_CLSID_DirectMusicCollection
0x00474C88,_CLSID_DirectMusic
0x00474C98,_IID_IReferenceClock
0x00474CA8,_DS3DALG_HRTF_LIGHT
0x00474CB8,_DS3DALG_HRTF_FULL
0x00474CC8,_DS3DALG_NO_VIRTUALIZATION
0x00474CD8,_IID_IKsPropertySet
0x00474CE8,_IID_IDirectSoundNotify
0x00474CF8,_IID_IDirectSoundCaptureBuffer
0x00474D08,_IID_IDirectSoundCapture
0x00474D18,_IID_IDirectSound3DBuffer
0x00474D28,_IID_IDirectSound3DListener
0x00474D38,_IID_IDirectSoundBuffer
0x00474D48,_IID_IDirectSound
0x00474D58,_CLSID_DirectSoundCapture
0x00474D68,_CLSID_DirectSound
0x00474D78,_DPAID_ComPort
0x00474D88,_DPAID_INetPort
0x00474D98,_DPAID_INetW
0x00474DA8,_DPAID_INet
0x00474DB8,_DPAID_ModemW
0x00474DC8,_DPAID_Modem
0x00474DD8,_DPAID_PhoneW
0x00474DE8,_DPAID_Phone
0x00474DF8,_DPAID_LobbyProvider
0x00474E08,_DPAID_ServiceProvider
0x00474E18,_DPAID_TotalSize
0x00474E28,_DPLPROPERTY_PlayerScore
0x00474E38,_DPLPROPERTY_PlayerGuid
0x00474E48,_DPLPROPERTY_LobbyGuid
0x00474E58,_DPLPROPERTY_MessagesSupported
0x00474E68,_CLSID_DirectPlayLobby
0x00474E78,_IID_IDirectPlayLobby3A
0x00474E88,_IID_IDirectPlayLobby3
0x00474E98,_IID_IDirectPlayLobby2A
0x00474EA8,_IID_IDirectPlayLobby2
0x00474EB8,_IID_IDirectPlayLobbyA
0x00474EC8,_IID_IDirectPlayLobby
0x00474ED8,_IID_IDirectPlay
0x00474EE8,_DPSPGUID_MODEM
0x00474EF8,_DPSPGUID_SERIAL
0x00474F08,_DPSPGUID_TCPIP
0x00474F18,_DPSPGUID_IPX
0x00474F28,_CLSID_DirectPlay
0x00474F38,_IID_IDirectPlay4A
0x00474F48,_IID_IDirectPlay4
0x00474F58,_IID_IDirectPlay3A
0x00474F68,_IID_IDirectPlay3
0x00474F78,_IID_IDirectPlay2A
0x00474F88,_IID_IDirectPlay2
0x00474F98,_GUID_HIDClass
0x00474FA8,_GUID_MouseClass
0x00474FB8,_GUID_MediaClass
0x00474FC8,_GUID_KeyboardClass
0x00474FD8,_IID_IDirectInputPIDDriver
0x00474FE8,_IID_IDirectInputJoyConfig
0x00474FF8,_IID_IDirectInputEffectDriver
0x00475008,_GUID_CustomForce
0x00475018,_GUID_Friction
0x00475028,_GUID_Inertia
0x00475038,_GUID_Damper
0x00475048,_GUID_Spring
0x00475058,_GUID_SawtoothDown
0x00475068,_GUID_SawtoothUp
0x00475078,_GUID_Triangle
0x00475088,_GUID_Sine
0x00475098,_GUID_Square
0x004750A8,_GUID_RampForce
0x004750B8,_GUID_ConstantForce
0x004750C8,_GUID_SysKeyboardEm2
0x004750D8,_GUID_SysKeyboardEm
0x004750E8,_GUID_SysMouseEm2
0x004750F8,_GUID_SysMouseEm
0x00475108,_GUID_Joystick
0x00475118,_GUID_SysKeyboard
0x00475128,_GUID_SysMouse
0x00475138,_GUID_Unknown
0x00475148,_GUID_POV
0x00475158,_GUID_Key
0x00475168,_GUID_Button
0x00475178,_GUID_Slider
0x00475188,_GUID_RzAxis
0x00475198,_GUID_RyAxis
0x004751A8,_GUID_RxAxis
0x004751B8,_GUID_ZAxis
0x004751C8,_GUID_YAxis
0x004751D8,_GUID_XAxis
0x004751E8,_IID_IDirectInputDevice7W
0x004751F8,_IID_IDirectInputDevice7A
0x00475208,_IID_IDirectInputEffect
0x00475218,_IID_IDirectInputDevice2W
0x00475228,_IID_IDirectInputDevice2A
0x00475238,_IID_IDirectInputDeviceW
0x00475248,_IID_IDirectInputDeviceA
0x00475258,_IID_IDirectInput7W
0x00475268,_IID_IDirectInput7A
0x00475278,_IID_IDirectInput2W
0x00475288,_IID_IDirectInput2A
0x00475298,_IID_IDirectInputW
0x004752A8,_IID_IDirectInputA
0x004752B8,_CLSID_DirectInputDevice
0x004752C8,_CLSID_DirectInput
0x004752D8,_TID_DXFILEHeader
0x004752E8,_IID_IDirectXFileBinary
0x004752F8,_IID_IDirectXFileDataReference
0x00475308,_IID_IDirectXFileData
0x00475318,_IID_IDirectXFileObject
0x00475328,_IID_IDirectXFileSaveObject
0x00475338,_IID_IDirectXFileEnumObject
0x00475348,_IID_IDirectXFile
0x00475358,_CLSID_CDirectXFile
0x00475368,_TID_D3DRMRightHanded
0x00475378,_TID_D3DRMPropertyBag
0x00475388,_TID_D3DRMStringProperty
0x00475398,_TID_D3DRMExternalVisual
0x004753A8,_TID_D3DRMProgressiveMesh
0x004753B8,_TID_D3DRMUrl
0x004753C8,_TID_D3DRMInlineData
0x004753D8,_TID_D3DRMLightAttenuation
0x004753E8,_TID_D3DRMLightPenumbra
0x004753F8,_TID_D3DRMLightRange
0x00475408,_TID_D3DRMLightUmbra
0x00475418,_TID_D3DRMAppData
0x00475428,_TID_D3DRMCamera
0x00475438,_TID_D3DRMLight
0x00475448,_TID_D3DRMFrameRotation
0x00475458,_TID_D3DRMFrameVelocity
0x00475468,_TID_D3DRMFramePosition
0x00475478,_TID_D3DRMAnimationOptions
0x00475488,_TID_D3DRMTimedFloatKeys
0x00475498,_TID_D3DRMBoolean2d
0x004754A8,_TID_D3DRMMeshFaceWraps
0x004754B8,_TID_D3DRMBoolean
0x004754C8,_TID_D3DRMMaterialWrap
0x004754D8,_TID_D3DRMMeshVertexColors
0x004754E8,_TID_D3DRMIndexedColor
0x004754F8,_TID_D3DRMTextureReference
0x00475508,_TID_D3DRMTextureFilename
0x00475518,_TID_D3DRMGuid
0x00475528,_TID_D3DRMColorRGB
0x00475538,_TID_D3DRMColorRGBA
0x00475548,_TID_D3DRMMaterialPower
0x00475558,_TID_D3DRMMaterialEmissiveColor
0x00475568,_TID_D3DRMMaterialSpecularColor
0x00475578,_TID_D3DRMMaterialDiffuseColor
0x00475588,_TID_D3DRMMaterialAmbientColor
0x00475598,_TID_D3DRMFloatKeys
0x004755A8,_TID_D3DRMAnimationKey
0x004755B8,_TID_D3DRMAnimationSet
0x004755C8,_TID_D3DRMAnimation
0x004755D8,_TID_D3DRMMatrix4x4
0x004755E8,_TID_D3DRMCoords2d
0x004755F8,_TID_D3DRMMeshNormals
0x00475608,_TID_D3DRMMeshTextureCoords
0x00475618,_TID_D3DRMMeshMaterialList
0x00475628,_TID_D3DRMFrameTransformMatrix
0x00475638,_TID_D3DRMFrame
0x00475648,_TID_D3DRMMaterialArray
0x00475658,_TID_D3DRMMaterial
0x00475668,_TID_D3DRMMeshFace
0x00475678,_TID_D3DRMVector
0x00475688,_TID_D3DRMMesh
0x00475698,_TID_D3DRMInfo
0x004756A8,_IID_IDirect3DRMWinDevice
0x004756B8,_CLSID_CDirect3DRM
0x004756C8,_IID_IDirect3DRM3
0x004756D8,_IID_IDirect3DRM2
0x004756E8,_IID_IDirect3DRM
0x004756F8,_IID_IDirect3DRMClippedVisual
0x00475708,_IID_IDirect3DRMPicked2Array
0x00475718,_IID_IDirect3DRMProgressiveMesh
0x00475728,_IID_IDirect3DRMInterpolator
0x00475738,_IID_IDirect3DRMShadow2
0x00475748,_IID_IDirect3DRMShadow
0x00475758,_IID_IDirect3DRMUserVisual
0x00475768,_IID_IDirect3DRMAnimationArray
0x00475778,_IID_IDirect3DRMFaceArray
0x00475788,_IID_IDirect3DRMPickedArray
0x00475798,_IID_IDirect3DRMLightArray
0x004757A8,_IID_IDirect3DRMVisualArray
0x004757B8,_IID_IDirect3DRMFrameArray
0x004757C8,_IID_IDirect3DRMViewportArray
0x004757D8,_IID_IDirect3DRMDeviceArray
0x004757E8,_IID_IDirect3DRMObjectArray
0x004757F8,_IID_IDirect3DRMAnimationSet2
0x00475808,_IID_IDirect3DRMAnimationSet
0x00475818,_IID_IDirect3DRMAnimation2
0x00475828,_IID_IDirect3DRMAnimation
0x00475838,_IID_IDirect3DRMMaterial2
0x00475848,_IID_IDirect3DRMMaterial
0x00475858,_IID_IDirect3DRMWrap
0x00475868,_IID_IDirect3DRMTexture3
0x00475878,_IID_IDirect3DRMTexture2
0x00475888,_IID_IDirect3DRMTexture
0x00475898,_IID_IDirect3DRMLight
0x004758A8,_IID_IDirect3DRMFace2
0x004758B8,_IID_IDirect3DRMFace
0x004758C8,_IID_IDirect3DRMMeshBuilder3
0x004758D8,_IID_IDirect3DRMMeshBuilder2
0x004758E8,_IID_IDirect3DRMMeshBuilder
0x004758F8,_IID_IDirect3DRMMesh
0x00475908,_IID_IDirect3DRMVisual
0x00475918,_IID_IDirect3DRMFrame3
0x00475928,_IID_IDirect3DRMFrame2
0x00475938,_IID_IDirect3DRMFrame
0x00475948,_IID_IDirect3DRMViewport2
0x00475958,_IID_IDirect3DRMViewport
0x00475968,_IID_IDirect3DRMDevice3
0x00475978,_IID_IDirect3DRMDevice2
0x00475988,_IID_IDirect3DRMDevice
0x00475998,_IID_IDirect3DRMObject2
0x004759A8,_IID_IDirect3DRMObject
0x004759B8,_CLSID_CDirect3DRMClippedVisual
0x004759C8,_CLSID_CDirect3DRMProgressiveMesh
0x004759D8,_CLSID_CDirect3DRMTextureInterpolator
0x004759E8,_CLSID_CDirect3DRMMaterialInterpolator
0x004759F8,_CLSID_CDirect3DRMLightInterpolator
0x00475A08,_CLSID_CDirect3DRMMeshInterpolator
0x00475A18,_CLSID_CDirect3DRMFrameInterpolator
0x00475A28,_CLSID_CDirect3DRMViewportInterpolator
0x00475A38,_CLSID_CDirect3DRMShadow
0x00475A48,_CLSID_CDirect3DRMUserVisual
0x00475A58,_CLSID_CDirect3DRMAnimationSet
0x00475A68,_CLSID_CDirect3DRMAnimation
0x00475A78,_CLSID_CDirect3DRMMaterial
0x00475A88,_CLSID_CDirect3DRMWrap
0x00475A98,_CLSID_CDirect3DRMTexture
0x00475AA8,_CLSID_CDirect3DRMLight
0x00475AB8,_CLSID_CDirect3DRMFace
0x00475AC8,_CLSID_CDirect3DRMMeshBuilder
0x00475AD8,_CLSID_CDirect3DRMMesh
0x00475AE8,_CLSID_CDirect3DRMFrame
0x00475AF8,_CLSID_CDirect3DRMViewport
0x00475B08,_CLSID_CDirect3DRMDevice
0x00475B18,_GUID_DDMoreCaps
0x00475B28,_GUID_Miscellaneous2Callbacks
0x00475B38,_GUID_MotionCompCallbacks
0x00475B48,_GUID_D3DParseUnknownCommandCallback
0x00475B58,_GUID_UserModeDriverPassword
0x00475B68,_GUID_UserModeDriverInfo
0x00475B78,_GUID_OptSurfaceUmodeInfo
0x00475B88,_GUID_OptSurfaceKmodeInfo
0x00475B98,_GUID_DDStereoMode
0x00475BA8,_GUID_DDMoreSurfaceCaps
0x00475BB8,_GUID_ZPixelFormats
0x00475BC8,_GUID_D3DExtendedCaps
0x00475BD8,_GUID_KernelCaps
0x00475BE8,_GUID_KernelCallbacks
0x00475BF8,_GUID_NonLocalVidMemCaps
0x00475C08,_GUID_D3DCallbacks3
0x00475C18,_GUID_D3DCallbacks2
0x00475C28,_GUID_VideoPortCaps
0x00475C38,_GUID_ColorControlCallbacks
0x00475C48,_GUID_VideoPortCallbacks
0x00475C58,_GUID_MiscellaneousCallbacks
0x00475C68,_IID_IDirect3DVertexBuffer7
0x00475C78,_IID_IDirect3DVertexBuffer
0x00475C88,_IID_IDirect3DViewport3
0x00475C98,_IID_IDirect3DViewport2
0x00475CA8,_IID_IDirect3DViewport
0x00475CB8,_IID_IDirect3DExecuteBuffer
0x00475CC8,_IID_IDirect3DMaterial3
0x00475CD8,_IID_IDirect3DMaterial2
0x00475CE8,_IID_IDirect3DMaterial
0x00475CF8,_IID_IDirect3DLight
0x00475D08,_IID_IDirect3DTexture2
0x00475D18,_IID_IDirect3DTexture
0x00475D28,_IID_IDirect3DDevice7
0x00475D38,_IID_IDirect3DDevice3
0x00475D48,_IID_IDirect3DDevice2
0x00475D58,_IID_IDirect3DDevice
0x00475D68,_IID_IDirect3DTnLHalDevice
0x00475D78,_IID_IDirect3DNullDevice
0x00475D88,_IID_IDirect3DRefDevice
0x00475D98,_IID_IDirect3DMMXDevice
0x00475DA8,_IID_IDirect3DHALDevice
0x00475DB8,_IID_IDirect3DRGBDevice
0x00475DC8,_IID_IDirect3DRampDevice
0x00475DD8,_IID_IDirect3D7
0x00475DE8,_IID_IDirect3D3
0x00475DF8,_IID_IDirect3D2
0x00475E08,_IID_IDirect3D
0x00475E18,_IID_IDirectDrawVideoAccelerator
0x00475E28,_IID_IDDVideoAcceleratorContainer
0x00475E38,_IID_IDirectDrawSurfaceKernel
0x00475E48,_IID_IDirectDrawKernel
0x00475E58,_DDVPTYPE_PHILIPS
0x00475E68,_DDVPTYPE_BROOKTREE
0x00475E78,_DDVPTYPE_CCIR656
0x00475E88,_DDVPTYPE_E_HREFL_VREFL
0x00475E98,_DDVPTYPE_E_HREFL_VREFH
0x00475EA8,_DDVPTYPE_E_HREFH_VREFL
0x00475EB8,_DDVPTYPE_E_HREFH_VREFH
0x00475EC8,_IID_IDirectDrawVideoPort
0x00475ED8,_IID_IDDVideoPortContainer
0x00475EE8,_IID_IDirectDrawGammaControl
0x00475EF8,_IID_IDirectDrawColorControl
0x00475F08,_IID_IDirectDrawClipper
0x00475F18,_IID_IDirectDrawPalette
0x00475F28,_IID_IDirectDrawPalette2
0x00475F38,_IID_IDirectDrawOptSurface
0x00475F48,_GUID_DirectDrawPaletteStream
0x00475F58,_GUID_DirectDrawSurfaceStream
0x00475F68,_IID_IDirectDrawFactory2
0x00475F78,_CLSID_DirectDrawFactory2
0x00475F88,_IID_IDirectDrawSurfaceNew
0x00475F98,_IID_IDirectDrawSurface7
0x00475FA8,_IID_IDirectDrawSurface4
0x00475FB8,_IID_IDirectDrawSurface3
0x00475FC8,_IID_IDirectDrawSurface2
0x00475FD8,_IID_IDirectDrawSurface
0x00475FE8,_IID_IDirectDraw7
0x00475FF8,_IID_IDirectDraw4
0x00476008,_IID_IDirectDraw2
0x00476018,_IID_IDirectDraw
0x00476028,_CLSID_DirectDrawClipper
0x00476038,_CLSID_DirectDraw7
0x00476048,_CLSID_DirectDraw
0x00476058,_c_dfDIKeyboard
0x00476070,_c_dfDIJoystick
0x0047608C,??_7type_info@@6B@
0x0047609C,??_7exception@std@@6B@
0x004760A4,??_C@_0BC@EOODALEL@Unknown?5exception@
0x004760BC,??_7bad_alloc@std@@6B@
0x004760C4,??_C@_0P@GHFPNOJB@bad?5allocation@
0x004760D8,??_7bad_array_new_length@std@@6B@
0x004760E0,??_C@_0BF@KINCDENJ@bad?5array?5new?5length@
0x004760F8,__pDestructExceptionObject
0x00476100,??_7bad_exception@std@@6B@
0x00476108,??_C@_0O@DPKOEFFH@bad?5exception@
0x00476498,??_C@_08EHJDFFNH@__based?$CI@
0x004764A4,??_C@_07KOLFKCDI@__cdecl@
0x004764AC,??_C@_08GHMPAG@__pascal@
0x004764B8,??_C@_09IFJBGAPI@__stdcall@
0x004764C4,??_C@_0L@NPHFGOKO@__thiscall@
0x004764D0,??_C@_0L@JMKHOMEK@__fastcall@
0x004764DC,??_C@_0N@BCKKPABJ@__vectorcall@
0x004764EC,??_C@_09HIJEGCPM@__clrcall@
0x004764F8,??_C@_06GHPCKEAG@__eabi@
0x00476500,??_C@_09IOPIDJLG@__swift_1@
0x0047650C,??_C@_09KFNFGKHF@__swift_2@
0x00476518,??_C@_07JOMMBBKO@__ptr64@
0x00476520,??_C@_0L@PILCLIHE@__restrict@
0x0047652C,??_C@_0M@GFIIJFMG@__unaligned@
0x00476538,??_C@_09DHDLOLLB@restrict?$CI@
0x00476542,??_C@_00CNPNBAHC@@
0x00476544,??_C@_04NIHEBCM@?5new@
0x0047654C,??_C@_07FPCDHGMM@?5delete@
0x00476554,??_C@_01NEMOKFLO@?$DN@
0x00476558,??_C@_02GPIOPFAK@?$DO?$DO@
0x0047655C,??_C@_02FODMEDOG@?$DM?$DM@
0x00476560,??_C@_01DCLJPIOD@?$CB@
0x00476564,??_C@_02EGOFBIJA@?$DN?$DN@
0x00476568,??_C@_02FDNJECIE@?$CB?$DN@
0x0047656C,??_C@_02GPECMEKF@?$FL?$FN@
0x00476570,??_C@_08LHJFAFGD@operator@
0x0047657C,??_C@_02HBOOOICD@?9?$DO@
0x00476580,??_C@_01NBENCBCI@?$CK@
0x00476584,??_C@_02ECNGHCIF@?$CL?$CL@
0x00476588,??_C@_02BAABKJLB@?9?9@
0x0047658C,??_C@_01JOAMLHOP@?9@
0x00476590,??_C@_01MIFGBAGJ@?$CL@
0x00476594,??_C@_01HNPIGOCE@?$CG@
0x00476598,??_C@_03MNHNFDLC@?9?$DO?$CK@
0x0047659C,??_C@_01KMDKNFGN@?1@
0x004765A0,??_C@_01FGNFDNOH@?$CF@
0x004765A4,??_C@_01MNNFJEPP@?$DM@
0x004765A8,??_C@_02EHCHHCKH@?$DM?$DN@
0x004765AC,??_C@_01PPODPGHN@?$DO@
0x004765B0,??_C@_02EEKDKGMJ@?$DO?$DN@
0x004765B4,??_C@_01IHBHIGKO@?0@
0x004765B8,??_C@_02HCKGKOFO@?$CI?$CJ@
0x004765BC,??_C@_01PJKLJHI@?$HO@
0x004765C0,??_C@_01JKBOJNNK@?$FO@
0x004765C4,??_C@_01DNKMNLPK@?$HM@
0x004765C8,??_C@_02PPKAJPJL@?$CG?$CG@
0x004765CC,??_C@_02NONPIBCD@?$HM?$HM@
0x004765D0,??_C@_02FPIMKNGF@?$CK?$DN@
0x004765D4,??_C@_02FOEOMHFC@?$CL?$DN@
0x004765D8,??_C@_02FKMDLLOA@?9?$DN@
0x004765DC,??_C@_02FJEHGPIO@?1?$DN@
0x004765E0,??_C@_02FENAOKFI@?$CF?$DN@
0x004765E4,??_C@_03IKFCCPFF@?$DO?$DO?$DN@
0x004765E8,??_C@_03CDNPDDLA@?$DM?$DM?$DN@
0x004765EC,??_C@_02FGJGFEAB@?$CG?$DN@
0x004765F0,??_C@_02DHLNPPGH@?$HM?$DN@
0x004765F4,??_C@_02MHEGNOJ@?$FO?$DN@
0x004765F8,??_C@_09IFPLHPGF@?$GAvftable?8@
0x00476604,??_C@_09BLBHBJP@?$GAvbtable?8@
0x00476610,??_C@_07FEEIOKP@?$GAvcall?8@
0x00476618,??_C@_08LLFFHHDJ@?$GAtypeof?8@
0x00476624,??_C@_0BF@KDPPACIK@?$GAlocal?5static?5guard?8@
0x0047663C,??_C@_08OBABFOLI@?$GAstring?8@
0x00476648,??_C@_0BD@JDLKDPAB@?$GAvbase?5destructor?8@
0x0047665C,??_C@_0BN@DEGPLNFK@?$GAvector?5deleting?5destructor?8@
0x0047667C,??_C@_0BO@OBMKPJIG@?$GAdefault?5constructor?5closure?8@
0x0047669C,??_C@_0BN@IMDCHIKM@?$GAscalar?5deleting?5destructor?8@
0x004766BC,??_C@_0BO@PFGOCPJJ@?$GAvector?5constructor?5iterator?8@
0x004766DC,??_C@_0BN@LFPFMEDL@?$GAvector?5destructor?5iterator?8@
0x004766FC,??_C@_0CE@IKBNEHA@?$GAvector?5vbase?5constructor?5itera@
0x00476720,??_C@_0BL@NILFHHPC@?$GAvirtual?5displacement?5map?8@
0x0047673C,??_C@_0CB@JONCMFFK@?$GAeh?5vector?5constructor?5iterator@
0x00476760,??_C@_0CA@GCEOPDGL@?$GAeh?5vector?5destructor?5iterator?8@
0x00476780,??_C@_0CH@OOJPLCPH@?$GAeh?5vector?5vbase?5constructor?5it@
0x004767A8,??_C@_0BL@LLKPOHJI@?$GAcopy?5constructor?5closure?8@
0x004767C4,??_C@_0BA@KBCDOMBN@?$GAudt?5returning?8@
0x004767D4,??_C@_03KLGMFNMG@?$GAEH@
0x004767D8,??_C@_05KHLCHHI@?$GARTTI@
0x004767E0,??_C@_0BA@KKLDJDLB@?$GAlocal?5vftable?8@
0x004767F0,??_C@_0CE@IIHCMGGL@?$GAlocal?5vftable?5constructor?5clos@
0x00476814,??_C@_06FHBGPFGH@?5new?$FL?$FN@
0x0047681C,??_C@_09LBNFPBCA@?5delete?$FL?$FN@
0x00476828,??_C@_0P@HJKNJFNN@?$GAomni?5callsig?8@
0x00476838,??_C@_0BL@CNOONJFP@?$GAplacement?5delete?5closure?8@
0x00476854,??_C@_0BN@CKNJLHMB@?$GAplacement?5delete?$FL?$FN?5closure?8@
0x00476874,??_C@_0CG@CFDHKGGD@?$GAmanaged?5vector?5constructor?5ite@
0x0047689C,??_C@_0CF@IMGKMJNO@?$GAmanaged?5vector?5destructor?5iter@
0x004768C4,??_C@_0CG@HLDDJMAG@?$GAeh?5vector?5copy?5constructor?5ite@
0x004768EC,??_C@_0CM@FCBBDIGB@?$GAeh?5vector?5vbase?5copy?5construct@
0x00476918,??_C@_0BL@CLIPGLGB@?$GAdynamic?5initializer?5for?5?8@
0x00476934,??_C@_0CB@PDBIFEP@?$GAdynamic?5atexit?5destructor?5for?5@
0x00476958,??_C@_0CD@CGAJBKEJ@?$GAvector?5copy?5constructor?5iterat@
0x0047697C,??_C@_0CJ@GJELGAMM@?$GAvector?5vbase?5copy?5constructor?5@
0x004769A8,??_C@_0CL@FGIJHLCE@?$GAmanaged?5vector?5copy?5constructo@
0x004769D4,??_C@_0BM@PMGGMLDN@?$GAlocal?5static?5thread?5guard?8@
0x004769F0,??_C@_0N@BDNMDMOL@operator?5?$CC?$CC?5@
0x00476A00,??_C@_0BC@GGEBGALA@operator?5co_await@
0x00476A14,??_C@_0M@GAAIMMOH@operator?$DM?$DN?$DO@
0x00476A20,??_C@_0BC@DAFEJGAK@?5Type?5Descriptor?8@
0x00476A34,??_C@_0BM@LDKODKLH@?5Base?5Class?5Descriptor?5at?5?$CI@
0x00476A50,??_C@_0BD@LGICGFMM@?5Base?5Class?5Array?8@
0x00476A64,??_C@_0BN@MECKDCOJ@?5Class?5Hierarchy?5Descriptor?8@
0x00476A84,??_C@_0BK@CFCOFLF@?5Complete?5Object?5Locator?8@
0x00476AA0,??_C@_0BG@JNJLAMPM@?$GAanonymous?5namespace?8@
0x00476AB8,??_C@_04HEJADOOB@CV?3?5@
0x00476AC0,??_C@_02MOLJINC@?3?3@
0x00476AC4,??_C@_0BE@JAEOCHPE@template?9parameter?9@
0x00476AD8,??_C@_0BF@LNLGBBNL@?$GAtemplate?9parameter?9@
0x00476AF0,??_C@_0O@KHGCOMHP@generic?9type?9@
0x00476B00,??_C@_0P@ODDENDLM@?$GAgeneric?9type?9@
0x00476B10,??_C@_02OHHJMEON@?8?8@
0x00476B14,??_C@_0BN@IBLMMFAP@?$GAnon?9type?9template?9parameter@
0x00476B34,??_C@_03DLDNIBIK@?$CFlf@
0x00476B38,??_C@_04OFALKAJ@?$DP?$DP_C@
0x00476B40,??_C@_03KHICJKCI@?4?4?4@
0x00476B44,??_C@_04HIBGFPH@NULL@
0x00476B4C,??_C@_02DPKJAMEF@?$CFd@
0x00476B50,??_C@_0BK@IHCCFNEL@?$GAtemplate?9type?9parameter?9@
0x00476B6C,??_C@_0BK@OFCNNNKO@?$GAgeneric?9class?9parameter?9@
0x00476B88,??_C@_0BL@NGJBLFIL@?$GAgeneric?9method?9parameter?9@
0x00476BA4,??_C@_07OHNGEDJK@nullptr@
0x00476BAC,??_C@_04GKJNKENE@void@
0x00476BB4,??_C@_0BE@EODMJLIF@?$GAtemplate?9parameter@
0x00476BC8,??_C@_03OPGICMGF@?$HN?8?5@
0x00476BCC,??_C@_02IGFCGPIL@?$HN?8@
0x00476BD0,??_C@_0N@CBHHHENL@?$GAvtordispex?$HL@
0x00476BE0,??_C@_0L@GHPFDFH@?$GAvtordisp?$HL@
0x00476BEC,??_C@_0L@HNGCOGAE@?$GAadjustor?$HL@
0x00476BF8,??_C@_0CB@KJDOOODE@?$GAlocal?5static?5destructor?5helper@
0x00476C1C,??_C@_0DB@ILEFOCIJ@?$GAtemplate?5static?5data?5member?5co@
0x00476C50,??_C@_0DA@HGFJFBBE@?$GAtemplate?5static?5data?5member?5de@
0x00476C80,??_C@_07PGOEDBHP@static?5@
0x00476C88,??_C@_08NIEOINHE@virtual?5@
0x00476C94,??_C@_09LAPHOOG@private?3?5@
0x00476CA0,??_C@_0M@GAIFPFIP@protected?3?5@
0x00476CAC,??_C@_08GPDDCMKI@public?3?5@
0x00476CB8,??_C@_08KJLFOPNE@?$FLthunk?$FN?3@
0x00476CC4,??_C@_0M@DHNBOJMP@extern?5?$CCC?$CC?5@
0x00476CD0,??_C@_02KCKGHPCA@?$CJ?5@
0x00476CD4,??_C@_05CIHEBHNO@char?5@
0x00476CDC,??_C@_06EHJMALKF@short?5@
0x00476CE4,??_C@_04LAHKHJMA@int?5@
0x00476CEC,??_C@_05CJIMAING@long?5@
0x00476CF4,??_C@_09EBBEKKIH@unsigned?5@
0x00476D00,??_C@_05BEFAKPML@void?5@
0x00476D08,??_C@_09GAIEOBLP@volatile?5@
0x00476D14,??_C@_08PABEKFH@volatile@
0x00476D20,??_C@_0BA@LKIJLKPP@std?3?3nullptr_t?5@
0x00476D30,??_C@_0P@GCOCNKDM@std?3?3nullptr_t@
0x00476D40,??_C@_0L@EGPHHEKN@?$DMellipsis?$DO@
0x00476D4C,??_C@_04EENFHACM@?0?4?4?4@
0x00476D54,??_C@_0M@ELJOJFFH@?0?$DMellipsis?$DO@
0x00476D60,??_C@_09DNHFEOJI@?5noexcept@
0x00476D6C,??_C@_03PBJBJNON@cpu@
0x00476D70,??_C@_03DCBBJBAA@amp@
0x00476D74,??_C@_02KEGNLNML@?0?5@
0x00476D78,??_C@_04ENMBGAPA@char@
0x00476D80,??_C@_05BFKKPKCG@short@
0x00476D88,??_C@_03JBIPMCLC@int@
0x00476D8C,??_C@_04GOKPGOLB@long@
0x00476D94,??_C@_05KNFBNCOH@float@
0x00476D9C,??_C@_06BNJCAIGJ@double@
0x00476DA4,??_C@_04DDKJGDCM@bool@
0x00476DAC,??_C@_06EBGKOKIG@__int8@
0x00476DB4,??_C@_07ICFHOGAF@__int16@
0x00476DBC,??_C@_07OFLPPHGP@__int32@
0x00476DC4,??_C@_07LFCOJCAC@__int64@
0x00476DCC,??_C@_08GAHOLHEO@__int128@
0x00476DD8,??_C@_09EEKGDCPH@?$DMunknown?$DO@
0x00476DE4,??_C@_07CFHGOPCN@char8_t@
0x00476DEC,??_C@_08HBIPOFJB@char16_t@
0x00476DF8,??_C@_08IECNCBKG@char32_t@
0x00476E04,??_C@_07CLGGIAMF@wchar_t@
0x00476E0C,??_C@_04HAPDLBFF@auto@
0x00476E14,??_C@_0P@LHCGKIGK@decltype?$CIauto?$CJ@
0x00476E24,??_C@_06GCICPBLB@__w64?5@
0x00476E2C,??_C@_07NFANNNEC@UNKNOWN@
0x00476E34,??_C@_07EDHNAJHC@signed?5@
0x00476E3C,??_C@_05BNCCCJPP@const@
0x00476E44,??_C@_09EFNPDFFP@?5volatile@
0x00476E50,??_C@_0P@GCIFDJCJ@?$GAunknown?5ecsu?8@
0x00476E60,??_C@_06MOJHIBMG@union?5@
0x00476E68,??_C@_07DIBCDNGL@struct?5@
0x00476E70,??_C@_06LJBABKPM@class?5@
0x00476E78,??_C@_08KOFANOFK@coclass?5@
0x00476E84,??_C@_0N@DLIEFKNA@cointerface?5@
0x00476E94,??_C@_05LJGMCFOG@enum?5@
0x00476E9C,??_C@_06LIJLOJAG@const?5@
0x00476EA4,??_C@_02KJPKDIBN@?$CG?5@
0x00476EA8,??_C@_03PCKGMOPB@?$CG?$CG?5@
0x00476EAC,??_C@_0M@EALIELKG@cli?3?3array?$DM@
0x00476EB8,??_C@_0O@GKABPPIF@cli?3?3pin_ptr?$DM@
0x00476EC8,??_C@_02GOGNNPBN@?$CJ?$FL@
0x00476ECC,??_C@_06EEGAIFAK@?$HLflat?$HN@
0x00476ED4,??_C@_05JIBOFOHK@?$HLfor?5@
0x00476EDC,??_C@_02MDINNEEG@s?5@
0x00476EE4,??_7DNameNode@@6B@
0x00476EF8,??_7charNode@@6B@
0x00476F0C,??_7pcharNode@@6B@
0x00476F20,??_7pDNameNode@@6B@
0x00476F34,??_7DNameStatusNode@@6B@
0x00476F48,??_7pairNode@@6B@
0x00477058,??_C@_04OKOHEJBO@?5?$DP?$DP?5@
0x00477060,?nodes@?1??make@DNameStatusNode@@SAPBV2@W4DNameStatus@@@Z@4QBV2@B
0x0047709C,??_C@_1DM@KHCHBNEB@?$AAa?$AAp?$AAi?$AA?9?$AAm?$AAs?$AA?9?$AAw?$AAi?$AAn?$AA?9?$AAc?$AAo?$AAr?$AAe@
0x004770D8,??_C@_1DK@LPPGFMPP@?$AAa?$AAp?$AAi?$AA?9?$AAm?$AAs?$AA?9?$AAw?$AAi?$AAn?$AA?9?$AAc?$AAo?$AAr?$AAe@
0x00477114,??_C@_1BC@GDMECMAK@?$AAk?$AAe?$AAr?$AAn?$AAe?$AAl?$AA3?$AA2@
0x00477128,??_C@_1BA@PFFKHIOG@?$AAa?$AAp?$AAi?$AA?9?$AAm?$AAs?$AA?9@
0x00477140,??_C@_08KNHFBNJ@FlsAlloc@
0x00477154,??_C@_07PEJMOBNF@FlsFree@
0x00477164,??_C@_0M@GDNOONDI@FlsGetValue@
0x00477178,??_C@_0M@JCPCPOEF@FlsSetValue@
0x0047718C,??_C@_0BM@HCFOFFN@InitializeCriticalSectionEx@
0x004771A8,?standard_lookup_table_spectre@__crt_stdio_output@@3V?$spectre_mitigated_lookup_table@Ustate_transition_pair@__crt_stdio_output@@$0IA@@1@B
0x004775A8,?format_validation_lookup_table_spectre@__crt_stdio_output@@3V?$spectre_mitigated_lookup_table@Ustate_transition_pair@__crt_stdio_output@@$0IA@@1@B
0x004779A8,??_C@_1O@CEDCILHN@?$AA?$CI?$AAn?$AAu?$AAl?$AAl?$AA?$CJ@
0x004779B8,??_C@_06OJHGLDPL@?$CInull?$CJ@
0x004779C0,___acrt_exception_action_table
0x00477A50,___acrt_signal_action_table_count
0x00477A54,___acrt_signal_action_table_size
0x00477A58,___acrt_signal_action_first_fpe_index
0x00477A5C,___acrt_signal_action_fpe_count
0x00477A60,_RtlNtPathSeperatorString
0x00477A68,??_C@_13FPGAJAPJ@?$AA?2@
0x00477A6C,_RtlDosPathSeperatorsString
0x00477A74,??_C@_15MNCACJLI@?$AA?2?$AA?1@
0x00477A7C,_RtlAlternateDosPathSeperatorString
0x00477A84,??_C@_13CGOKJPIL@?$AA?1@
0x00477A88,??_C@_1BI@BGOHAHKC@?$AAm?$AAs?$AAc?$AAo?$AAr?$AAe?$AAe?$AA?4?$AAd?$AAl?$AAl@
0x00477AA0,??_C@_0P@MIGLKIOC@CorExitProcess@
0x00477B30,??_C@_1DE@JNGNBFGO@?$AAR?$AAu?$AAn?$AAt?$AAi?$AAm?$AAe?$AA?5?$AAE?$AAr?$AAr?$AAo?$AAr?$AA?$CB?$AA?6@
0x00477B64,??_C@_1CO@EAEJAADC@?$AA?$DM?$AAp?$AAr?$AAo?$AAg?$AAr?$AAa?$AAm?$AA?5?$AAn?$AAa?$AAm?$AAe?$AA?5?$AAu@
0x00477B94,??_C@_17LGKOMLJ@?$AA?4?$AA?4?$AA?4@
0x00477B9C,??_C@_15IABLJNFO@?$AA?6?$AA?6@
0x00477BA8,??_C@_1EK@MBDPDCGA@?$AAM?$AAi?$AAc?$AAr?$AAo?$AAs?$AAo?$AAf?$AAt?$AA?5?$AAV?$AAi?$AAs?$AAu?$AAa@
0x00477C78,___lc_category
0x00477CC0,??_C@_1O@GIFLHMA@?$AAL?$AAC?$AA_?$AAA?$AAL?$AAL@
0x00477CD0,??_C@_1BG@PPOMIBNJ@?$AAL?$AAC?$AA_?$AAC?$AAO?$AAL?$AAL?$AAA?$AAT?$AAE@
0x00477CE8,??_C@_1BC@FFJGAPJM@?$AAL?$AAC?$AA_?$AAC?$AAT?$AAY?$AAP?$AAE@
0x00477CFC,??_C@_1BI@PCKFNJFB@?$AAL?$AAC?$AA_?$AAM?$AAO?$AAN?$AAE?$AAT?$AAA?$AAR?$AAY@
0x00477D14,??_C@_1BG@ENIEDKID@?$AAL?$AAC?$AA_?$AAN?$AAU?$AAM?$AAE?$AAR?$AAI?$AAC@
0x00477D2C,??_C@_1BA@HAAOMIIG@?$AAL?$AAC?$AA_?$AAT?$AAI?$AAM?$AAE@
0x00477D3C,??_C@_15NBPDDFIP@?$AA?$DN?$AA?$DL@
0x00477D44,??_C@_13PJJBFPED@?$AA?$DL@
0x00477D48,??_C@_13NMPKAAJP@?$AA?$DN@
0x00477D4C,??_C@_13IMODFHAA@?$AA?9@
0x00477D50,??_C@_17EFJLDFDO@?$AA?9?$AA_?$AA?4@
0x00477D58,??_C@_13FHBKNHDA@?$AAC@
0x00477D5C,??_C@_17MBJJLFDM@?$AA_?$AA?4?$AA?0@
0x00477D64,??_C@_13ENNFDPBH@?$AA_@
0x00477D68,??_C@_13JOFGPIOO@?$AA?4@
0x00477D6C,__Fenv1
0x00477F20,??_C@_03OEIAHPBN@INF@
0x00477F24,??_C@_03OJHLLCGB@inf@
0x00477F28,??_C@_03LKNCIKJB@NAN@
0x00477F2C,??_C@_03LHCJEHON@nan@
0x00477F30,??_C@_09OFJJIMPC@NAN?$CISNAN?$CJ@
0x00477F3C,??_C@_09IPFBKMDL@nan?$CIsnan?$CJ@
0x00477F48,??_C@_08IKHNHAJ@NAN?$CIIND?$CJ@
0x00477F54,??_C@_08OFCDMILK@nan?$CIind?$CJ@
0x00477F60,??_C@_05KLBDPFGC@e?$CL000@
0x00477F68,___lc_time_c
0x004780CC,??_C@_03KOEHGMDN@Sun@
0x004780D0,??_C@_03PDAGKDH@Mon@
0x004780D4,??_C@_03NAGEINEP@Tue@
0x004780D8,??_C@_03MHOMLAJA@Wed@
0x004780DC,??_C@_03IOFIKPDN@Thu@
0x004780E0,??_C@_03IDIOELNC@Fri@
0x004780E4,??_C@_03FEFJNEK@Sat@
0x004780E8,??_C@_06OOPIFAJ@Sunday@
0x004780F0,??_C@_06JLEDEDGH@Monday@
0x004780F8,??_C@_07BAAGCFCM@Tuesday@
0x00478100,??_C@_09DLIGFAKA@Wednesday@
0x0047810C,??_C@_08HACCIKIA@Thursday@
0x00478118,??_C@_06JECMNKMI@Friday@
0x00478120,??_C@_08INBOOONO@Saturday@
0x0047812C,??_C@_03JIHJHPIE@Jan@
0x00478130,??_C@_03HJBDCHOM@Feb@
0x00478134,??_C@_03ODNJBKGA@Mar@
0x00478138,??_C@_03LEOLGMJP@Apr@
0x0047813C,??_C@_03CNMDKL@May@
0x00478140,??_C@_03IDFGHECI@Jun@
0x00478144,??_C@_03LBGABGKK@Jul@
0x00478148,??_C@_03IFJFEIGA@Aug@
0x0047814C,??_C@_03GGCAPAJC@Sep@
0x00478150,??_C@_03BMAOKBAD@Oct@
0x00478154,??_C@_03JPJOFNIA@Nov@
0x00478158,??_C@_03MKABNOCG@Dec@
0x0047815C,??_C@_07CGJPFGJA@January@
0x00478164,??_C@_08GNJGEPFN@February@
0x00478170,??_C@_05HPCKOFNC@March@
0x00478178,??_C@_05DMJDNLEJ@April@
0x00478180,??_C@_04CNLMGBGM@June@
0x00478188,??_C@_04MIEPOIFP@July@
0x00478190,??_C@_06LBBHFDDG@August@
0x00478198,??_C@_09BHHEALKD@September@
0x004781A4,??_C@_07JJNFCEND@October@
0x004781AC,??_C@_08HCHEGEOA@November@
0x004781B8,??_C@_08EDHMEBNP@December@
0x004781C4,??_C@_02DEDBPAFC@AM@
0x004781C8,??_C@_02CJNFDJBF@PM@
0x004781CC,??_C@_08BPBNCDIB@MM?1dd?1yy@
0x004781D8,??_C@_0BE@CKGJFCPC@dddd?0?5MMMM?5dd?0?5yyyy@
0x004781EC,??_C@_08JCCMCCIL@HH?3mm?3ss@
0x004781F8,??_C@_17MBGCMIPB@?$AAS?$AAu?$AAn@
0x00478200,??_C@_17KBOMKBF@?$AAM?$AAo?$AAn@
0x00478208,??_C@_17BMKGEGOJ@?$AAT?$AAu?$AAe@
0x00478210,??_C@_17CJEDCEPE@?$AAW?$AAe?$AAd@
0x00478218,??_C@_17PDPHAADD@?$AAT?$AAh?$AAu@
0x00478220,??_C@_17HFOLPPLP@?$AAF?$AAr?$AAi@
0x00478228,??_C@_17GGIBDPIH@?$AAS?$AAa?$AAt@
0x00478230,??_C@_1O@IHNHDHPB@?$AAS?$AAu?$AAn?$AAd?$AAa?$AAy@
0x00478240,??_C@_1O@MMNBFLIA@?$AAM?$AAo?$AAn?$AAd?$AAa?$AAy@
0x00478250,??_C@_1BA@ENFBFFEK@?$AAT?$AAu?$AAe?$AAs?$AAd?$AAa?$AAy@
0x00478260,??_C@_1BE@EBOGMDOH@?$AAW?$AAe?$AAd?$AAn?$AAe?$AAs?$AAd?$AAa?$AAy@
0x00478274,??_C@_1BC@HHMNLIHE@?$AAT?$AAh?$AAu?$AAr?$AAs?$AAd?$AAa?$AAy@
0x00478288,??_C@_1O@PDICJHAG@?$AAF?$AAr?$AAi?$AAd?$AAa?$AAy@
0x00478298,??_C@_1BC@ENMNNPAJ@?$AAS?$AAa?$AAt?$AAu?$AAr?$AAd?$AAa?$AAy@
0x004782AC,??_C@_17DKNBKCHM@?$AAJ?$AAa?$AAn@
0x004782B4,??_C@_17LMDJEKJN@?$AAF?$AAe?$AAb@
0x004782BC,??_C@_17CKNLEDEC@?$AAM?$AAa?$AAr@
0x004782C4,??_C@_17LFPOIHDD@?$AAA?$AAp?$AAr@
0x004782CC,??_C@_17PNNKMEED@?$AAM?$AAa?$AAy@
0x004782D4,??_C@_17KCJGOCPB@?$AAJ?$AAu?$AAn@
0x004782DC,??_C@_17IJPCKHK@?$AAJ?$AAu?$AAl@
0x004782E4,??_C@_17ICPELBCN@?$AAA?$AAu?$AAg@
0x004782EC,??_C@_17HCHCOKMG@?$AAS?$AAe?$AAp@
0x004782F4,??_C@_17FNLKOI@?$AAO?$AAc?$AAt@
0x004782FC,??_C@_17BBDMLCIG@?$AAN?$AAo?$AAv@
0x00478304,??_C@_17EGKACKIF@?$AAD?$AAe?$AAc@
0x0047830C,??_C@_1BA@EFMEIEBA@?$AAJ?$AAa?$AAn?$AAu?$AAa?$AAr?$AAy@
0x0047831C,??_C@_1BC@JGDDFFAM@?$AAF?$AAe?$AAb?$AAr?$AAu?$AAa?$AAr?$AAy@
0x00478330,??_C@_1M@IKEENEDF@?$AAM?$AAa?$AAr?$AAc?$AAh@
0x0047833C,??_C@_1M@GJNLMHFD@?$AAA?$AAp?$AAr?$AAi?$AAl@
0x00478348,??_C@_19EPFLPGAP@?$AAJ?$AAu?$AAn?$AAe@
0x00478354,??_C@_19BIFMLPCD@?$AAJ?$AAu?$AAl?$AAy@
0x00478360,??_C@_1O@PAHLKOAC@?$AAA?$AAu?$AAg?$AAu?$AAs?$AAt@
0x00478370,??_C@_1BE@DKAAMBJL@?$AAS?$AAe?$AAp?$AAt?$AAe?$AAm?$AAb?$AAe?$AAr@
0x00478384,??_C@_1BA@EPANDLNG@?$AAO?$AAc?$AAt?$AAo?$AAb?$AAe?$AAr@
0x00478394,??_C@_1BC@BGLIFPF@?$AAN?$AAo?$AAv?$AAe?$AAm?$AAb?$AAe?$AAr@
0x004783A8,??_C@_1BC@FEMKIFH@?$AAD?$AAe?$AAc?$AAe?$AAm?$AAb?$AAe?$AAr@
0x004783BC,??_C@_15ODEHAHHF@?$AAA?$AAM@
0x004783C4,??_C@_15CLMNNGEL@?$AAP?$AAM@
0x004783CC,??_C@_1BC@IEBCMHCM@?$AAM?$AAM?$AA?1?$AAd?$AAd?$AA?1?$AAy?$AAy@
0x004783E0,??_C@_1CI@KNAKOEBC@?$AAd?$AAd?$AAd?$AAd?$AA?0?$AA?5?$AAM?$AAM?$AAM?$AAM?$AA?5?$AAd?$AAd?$AA?0?$AA?5@
0x00478408,??_C@_1BC@GDGBMEMK@?$AAH?$AAH?$AA?3?$AAm?$AAm?$AA?3?$AAs?$AAs@
0x0047841C,??_C@_1M@BMHNFIME@?$AAe?$AAn?$AA?9?$AAU?$AAS@
0x00478438,__DEFAULT_CW_in_mem
0x0047843A,__pi_by_2_to_61
0x00478730,?ccs@?1???$__acrt_stdio_parse_mode@D@@YA?AU__acrt_stdio_stream_mode@@QBD@Z@4QBDB
0x00478734,?utf8_encoding@?1???$__acrt_stdio_parse_mode@D@@YA?AU__acrt_stdio_stream_mode@@QBD@Z@4QBDB
0x0047873C,?utf16_encoding@?1???$__acrt_stdio_parse_mode@D@@YA?AU__acrt_stdio_stream_mode@@QBD@Z@4QBDB
0x00478744,?unicode_encoding@?1???$__acrt_stdio_parse_mode@D@@YA?AU__acrt_stdio_stream_mode@@QBD@Z@4QBDB
0x0047874C,?ccs@?1???$__acrt_stdio_parse_mode@_W@@YA?AU__acrt_stdio_stream_mode@@QB_W@Z@4QB_WB
0x00478754,?utf8_encoding@?1???$__acrt_stdio_parse_mode@_W@@YA?AU__acrt_stdio_stream_mode@@QB_W@Z@4QB_WB
0x00478760,?utf16_encoding@?1???$__acrt_stdio_parse_mode@_W@@YA?AU__acrt_stdio_stream_mode@@QB_W@Z@4QB_WB
0x00478770,?unicode_encoding@?1???$__acrt_stdio_parse_mode@_W@@YA?AU__acrt_stdio_stream_mode@@QB_W@Z@4QB_WB
0x00478790,??_C@_1M@HPNHIDJI@?$AAj?$AAa?$AA?9?$AAJ?$AAP@
0x0047879C,??_C@_1M@BIBDDEMK@?$AAz?$AAh?$AA?9?$AAC?$AAN@
0x004787A8,??_C@_1M@JLOOOEGK@?$AAk?$AAo?$AA?9?$AAK?$AAR@
0x004787B4,??_C@_1M@CLNBBOPM@?$AAz?$AAh?$AA?9?$AAT?$AAW@
0x00478810,??_C@_1EA@JGEFHKEI@?$AAa?$AAp?$AAi?$AA?9?$AAm?$AAs?$AA?9?$AAw?$AAi?$AAn?$AA?9?$AAc?$AAo?$AAr?$AAe@
0x00478850,??_C@_1DI@IJCEHOCB@?$AAa?$AAp?$AAi?$AA?9?$AAm?$AAs?$AA?9?$AAw?$AAi?$AAn?$AA?9?$AAc?$AAo?$AAr?$AAe@
0x00478888,??_C@_1EI@MPIAOHOC@?$AAa?$AAp?$AAi?$AA?9?$AAm?$AAs?$AA?9?$AAw?$AAi?$AAn?$AA?9?$AAc?$AAo?$AAr?$AAe@
0x004788D0,??_C@_1FK@FPHCKFIE@?$AAa?$AAp?$AAi?$AA?9?$AAm?$AAs?$AA?9?$AAw?$AAi?$AAn?$AA?9?$AAc?$AAo?$AAr?$AAe@
0x00478930,??_C@_1EM@DILCGIIO@?$AAa?$AAp?$AAi?$AA?9?$AAm?$AAs?$AA?9?$AAw?$AAi?$AAn?$AA?9?$AAc?$AAo?$AAr?$AAe@
0x0047897C,??_C@_1DM@LNCGDDPN@?$AAa?$AAp?$AAi?$AA?9?$AAm?$AAs?$AA?9?$AAw?$AAi?$AAn?$AA?9?$AAc?$AAo?$AAr?$AAe@
0x004789B8,??_C@_1DO@FPAPJEMD@?$AAa?$AAp?$AAi?$AA?9?$AAm?$AAs?$AA?9?$AAw?$AAi?$AAn?$AA?9?$AAc?$AAo?$AAr?$AAe@
0x004789F8,??_C@_1DK@NDHNAHIO@?$AAa?$AAp?$AAi?$AA?9?$AAm?$AAs?$AA?9?$AAw?$AAi?$AAn?$AA?9?$AAc?$AAo?$AAr?$AAe@
0x00478A34,??_C@_1DM@KGHDGBCM@?$AAa?$AAp?$AAi?$AA?9?$AAm?$AAs?$AA?9?$AAw?$AAi?$AAn?$AA?9?$AAc?$AAo?$AAr?$AAe@
0x00478A70,??_C@_1EO@IJIOEFOH@?$AAa?$AAp?$AAi?$AA?9?$AAm?$AAs?$AA?9?$AAw?$AAi?$AAn?$AA?9?$AAr?$AAt?$AAc?$AAo@
0x00478AC0,??_C@_1FG@HHGEKANL@?$AAa?$AAp?$AAi?$AA?9?$AAm?$AAs?$AA?9?$AAw?$AAi?$AAn?$AA?9?$AAs?$AAe?$AAc?$AAu@
0x00478B18,??_C@_1EG@DBIOJECG@?$AAe?$AAx?$AAt?$AA?9?$AAm?$AAs?$AA?9?$AAw?$AAi?$AAn?$AA?9?$AAn?$AAt?$AAu?$AAs@
0x00478B60,??_C@_1EO@FIHMJCLF@?$AAe?$AAx?$AAt?$AA?9?$AAm?$AAs?$AA?9?$AAw?$AAi?$AAn?$AA?9?$AAn?$AAt?$AAu?$AAs@
0x00478BB0,??_C@_1BC@DNHGCMLG@?$AAa?$AAd?$AAv?$AAa?$AAp?$AAi?$AA3?$AA2@
0x00478BC4,??_C@_1M@OAIMIKLP@?$AAn?$AAt?$AAd?$AAl?$AAl@
0x00478BD0,??_C@_1EG@DPGNFKGC@?$AAa?$AAp?$AAi?$AA?9?$AAm?$AAs?$AA?9?$AAw?$AAi?$AAn?$AA?9?$AAa?$AAp?$AAp?$AAm@
0x00478C18,??_C@_1O@BCCLBEOE@?$AAu?$AAs?$AAe?$AAr?$AA3?$AA2@
0x00478C28,??_C@_1BA@IAIFMGEF@?$AAe?$AAx?$AAt?$AA?9?$AAm?$AAs?$AA?9@
0x00478C3C,??_C@_0BA@FHFNEAED@AreFileApisANSI@
0x00478C54,??_C@_0BA@IHGNDAEB@CompareStringEx@
0x00478C6C,??_C@_0BE@LJANKFHF@EnumSystemLocalesEx@
0x00478CA8,??_C@_0BA@HNOPNCHB@GetActiveWindow@
0x00478CC0,??_C@_0BA@EPCJIIPD@GetDateFormatEx@
0x00478CD8,??_C@_0BJ@DIBIJBHA@GetEnabledXStateFeatures@
0x00478CFC,??_C@_0BD@HHGDFDBJ@GetLastActivePopup@
0x00478D18,??_C@_0BA@ONOKGCMP@GetLocaleInfoEx@
0x00478D30,??_C@_0BI@DFKBFLJE@GetProcessWindowStation@
0x00478D4C,??_C@_0BP@FPNJPEJC@GetSystemTimePreciseAsFileTime@
0x00478D74,??_C@_0BA@CIJJKCJJ@GetTimeFormatEx@
0x00478D8C,??_C@_0BJ@PBCCBIPI@GetUserDefaultLocaleName@
0x00478DB0,??_C@_0BK@DEKFELLI@GetUserObjectInformationW@
0x00478DD4,??_C@_0BG@IKLDMBLM@GetXStateFeaturesMask@
0x00478DFC,??_C@_0BC@CELBKLLA@IsValidLocaleName@
0x00478E18,??_C@_0O@KKBNKAPF@LCMapStringEx@
0x00478E30,??_C@_0BB@CDHDDLLP@LCIDToLocaleName@
0x00478E4C,??_C@_0BB@HBDEELFH@LocaleNameToLCID@
0x00478E68,??_C@_0BE@KINNKFDA@LocateXStateFeature@
0x00478E84,??_C@_0M@CHKKJDAI@MessageBoxA@
0x00478E98,??_C@_0M@DLDCCGNP@MessageBoxW@
0x00478EA8,??_C@_0N@PPOMPGGK@RoInitialize@
0x00478EBC,??_C@_0P@LLFHBIJD@RoUninitialize@
0x00478ED0,??_C@_0CF@OJOFEIGO@AppPolicyGetProcessTerminationM@
0x00478EFC,??_C@_0CF@NNDFDCOC@AppPolicyGetThreadInitializatio@
0x00478F28,??_C@_0CE@OICFMIKE@AppPolicyGetShowDeveloperDiagno@
0x00478F50,??_C@_0BL@ODDJNEDA@AppPolicyGetWindowingModel@
0x00478F74,??_C@_0BI@BKLFFAPO@SetThreadStackGuarantee@
0x00478F94,??_C@_0BC@JEAENNKH@SystemFunction036@
0x00478FA8,___newctype
0x004792A8,___newclmap
0x00479428,___newcumap
0x004795A8,__wctype
0x004797B0,___acrt_rg_language
0x00479ABC,___acrt_rg_language_count
0x00479AC0,___acrt_rg_country
0x00479BD4,___acrt_rg_country_count
0x00479BD8,??_C@_1BC@LLOKLNP@?$AAa?$AAm?$AAe?$AAr?$AAi?$AAc?$AAa?$AAn@
0x00479BEC,??_C@_1CC@HEIGCDGG@?$AAa?$AAm?$AAe?$AAr?$AAi?$AAc?$AAa?$AAn?$AA?5?$AAe?$AAn?$AAg?$AAl?$AAi?$AAs@
0x00479C10,??_C@_1CC@IHCNOMIN@?$AAa?$AAm?$AAe?$AAr?$AAi?$AAc?$AAa?$AAn?$AA?9?$AAe?$AAn?$AAg?$AAl?$AAi?$AAs@
0x00479C34,??_C@_1BG@GKAGPCGG@?$AAa?$AAu?$AAs?$AAt?$AAr?$AAa?$AAl?$AAi?$AAa?$AAn@
0x00479C4C,??_C@_1BA@GMENCENF@?$AAb?$AAe?$AAl?$AAg?$AAi?$AAa?$AAn@
0x00479C5C,??_C@_1BC@PJMIIAAN@?$AAc?$AAa?$AAn?$AAa?$AAd?$AAi?$AAa?$AAn@
0x00479C70,??_C@_17NOIMNFBF@?$AAc?$AAh?$AAh@
0x00479C78,??_C@_17GGDALCHA@?$AAc?$AAh?$AAi@
0x00479C80,??_C@_1BA@NPNJKIBL@?$AAc?$AAh?$AAi?$AAn?$AAe?$AAs?$AAe@
0x00479C90,??_C@_1CC@DINBAMMJ@?$AAc?$AAh?$AAi?$AAn?$AAe?$AAs?$AAe?$AA?9?$AAh?$AAo?$AAn?$AAg?$AAk?$AAo?$AAn@
0x00479CB4,??_C@_1CG@IOBJPACO@?$AAc?$AAh?$AAi?$AAn?$AAe?$AAs?$AAe?$AA?9?$AAs?$AAi?$AAm?$AAp?$AAl?$AAi?$AAf@
0x00479CDC,??_C@_1CE@GAJNDCKG@?$AAc?$AAh?$AAi?$AAn?$AAe?$AAs?$AAe?$AA?9?$AAs?$AAi?$AAn?$AAg?$AAa?$AAp?$AAo@
0x00479D00,??_C@_1CI@PAJPIOOD@?$AAc?$AAh?$AAi?$AAn?$AAe?$AAs?$AAe?$AA?9?$AAt?$AAr?$AAa?$AAd?$AAi?$AAt?$AAi@
0x00479D28,??_C@_1BM@NILJBMMD@?$AAd?$AAu?$AAt?$AAc?$AAh?$AA?9?$AAb?$AAe?$AAl?$AAg?$AAi?$AAa?$AAn@
0x00479D44,??_C@_1CC@OOJPJNEJ@?$AAe?$AAn?$AAg?$AAl?$AAi?$AAs?$AAh?$AA?9?$AAa?$AAm?$AAe?$AAr?$AAi?$AAc?$AAa@
0x00479D68,??_C@_1BI@IOLFEEM@?$AAe?$AAn?$AAg?$AAl?$AAi?$AAs?$AAh?$AA?9?$AAa?$AAu?$AAs@
0x00479D80,??_C@_1BO@HFFNLENJ@?$AAe?$AAn?$AAg?$AAl?$AAi?$AAs?$AAh?$AA?9?$AAb?$AAe?$AAl?$AAi?$AAz?$AAe@
0x00479DA0,??_C@_1BI@HAPKJMPO@?$AAe?$AAn?$AAg?$AAl?$AAi?$AAs?$AAh?$AA?9?$AAc?$AAa?$AAn@
0x00479DB8,??_C@_1CE@HLNDMIOJ@?$AAe?$AAn?$AAg?$AAl?$AAi?$AAs?$AAh?$AA?9?$AAc?$AAa?$AAr?$AAi?$AAb?$AAb?$AAe@
0x00479DDC,??_C@_1BI@LDHJHHAC@?$AAe?$AAn?$AAg?$AAl?$AAi?$AAs?$AAh?$AA?9?$AAi?$AAr?$AAe@
0x00479DF4,??_C@_1CA@NJMMCFOC@?$AAe?$AAn?$AAg?$AAl?$AAi?$AAs?$AAh?$AA?9?$AAj?$AAa?$AAm?$AAa?$AAi?$AAc?$AAa@
0x00479E14,??_C@_1BG@BHJEBBGG@?$AAe?$AAn?$AAg?$AAl?$AAi?$AAs?$AAh?$AA?9?$AAn?$AAz@
0x00479E2C,??_C@_1CK@FGOEJJCO@?$AAe?$AAn?$AAg?$AAl?$AAi?$AAs?$AAh?$AA?9?$AAs?$AAo?$AAu?$AAt?$AAh?$AA?5?$AAa@
0x00479E58,??_C@_1DE@PDBJPCJ@?$AAe?$AAn?$AAg?$AAl?$AAi?$AAs?$AAh?$AA?9?$AAt?$AAr?$AAi?$AAn?$AAi?$AAd?$AAa@
0x00479E8C,??_C@_1BG@JGCANDME@?$AAe?$AAn?$AAg?$AAl?$AAi?$AAs?$AAh?$AA?9?$AAu?$AAk@
0x00479EA4,??_C@_1BG@DINKMLE@?$AAe?$AAn?$AAg?$AAl?$AAi?$AAs?$AAh?$AA?9?$AAu?$AAs@
0x00479EBC,??_C@_1BI@NMFDBHJE@?$AAe?$AAn?$AAg?$AAl?$AAi?$AAs?$AAh?$AA?9?$AAu?$AAs?$AAa@
0x00479ED4,??_C@_1BO@OIHKJKII@?$AAf?$AAr?$AAe?$AAn?$AAc?$AAh?$AA?9?$AAb?$AAe?$AAl?$AAg?$AAi?$AAa?$AAn@
0x00479EF4,??_C@_1CA@NKAELJKI@?$AAf?$AAr?$AAe?$AAn?$AAc?$AAh?$AA?9?$AAc?$AAa?$AAn?$AAa?$AAd?$AAi?$AAa?$AAn@
0x00479F14,??_C@_1CE@MGKCNLGN@?$AAf?$AAr?$AAe?$AAn?$AAc?$AAh?$AA?9?$AAl?$AAu?$AAx?$AAe?$AAm?$AAb?$AAo?$AAu@
0x00479F38,??_C@_1BK@CEGEAILM@?$AAf?$AAr?$AAe?$AAn?$AAc?$AAh?$AA?9?$AAs?$AAw?$AAi?$AAs?$AAs@
0x00479F54,??_C@_1CA@PAFKEOCC@?$AAg?$AAe?$AAr?$AAm?$AAa?$AAn?$AA?9?$AAa?$AAu?$AAs?$AAt?$AAr?$AAi?$AAa?$AAn@
0x00479F74,??_C@_1CI@HCFHGOFD@?$AAg?$AAe?$AAr?$AAm?$AAa?$AAn?$AA?9?$AAl?$AAi?$AAc?$AAh?$AAt?$AAe?$AAn?$AAs@
0x00479F9C,??_C@_1CE@FEDDNPDG@?$AAg?$AAe?$AAr?$AAm?$AAa?$AAn?$AA?9?$AAl?$AAu?$AAx?$AAe?$AAm?$AAb?$AAo?$AAu@
0x00479FC0,??_C@_1BK@LIMINNMN@?$AAg?$AAe?$AAr?$AAm?$AAa?$AAn?$AA?9?$AAs?$AAw?$AAi?$AAs?$AAs@
0x00479FDC,??_C@_1BM@LGMDBEPD@?$AAi?$AAr?$AAi?$AAs?$AAh?$AA?9?$AAe?$AAn?$AAg?$AAl?$AAi?$AAs?$AAh@
0x00479FF8,??_C@_1BM@NNCFBAEE@?$AAi?$AAt?$AAa?$AAl?$AAi?$AAa?$AAn?$AA?9?$AAs?$AAw?$AAi?$AAs?$AAs@
0x0047A014,??_C@_1BE@FEDJNPIB@?$AAn?$AAo?$AAr?$AAw?$AAe?$AAg?$AAi?$AAa?$AAn@
0x0047A028,??_C@_1CC@CILKDEIE@?$AAn?$AAo?$AAr?$AAw?$AAe?$AAg?$AAi?$AAa?$AAn?$AA?9?$AAb?$AAo?$AAk?$AAm?$AAa@
0x0047A04C,??_C@_1CE@DHMMHEPL@?$AAn?$AAo?$AAr?$AAw?$AAe?$AAg?$AAi?$AAa?$AAn?$AA?9?$AAn?$AAy?$AAn?$AAo?$AAr@
0x0047A070,??_C@_1CK@OPNMHECD@?$AAp?$AAo?$AAr?$AAt?$AAu?$AAg?$AAu?$AAe?$AAs?$AAe?$AA?9?$AAb?$AAr?$AAa?$AAz@
0x0047A09C,??_C@_1CE@KEEHCDB@?$AAs?$AAp?$AAa?$AAn?$AAi?$AAs?$AAh?$AA?9?$AAa?$AAr?$AAg?$AAe?$AAn?$AAt?$AAi@
0x0047A0C0,??_C@_1CA@GIAOLHJD@?$AAs?$AAp?$AAa?$AAn?$AAi?$AAs?$AAh?$AA?9?$AAb?$AAo?$AAl?$AAi?$AAv?$AAi?$AAa@
0x0047A0E0,??_C@_1BM@OJNDFNPD@?$AAs?$AAp?$AAa?$AAn?$AAi?$AAs?$AAh?$AA?9?$AAc?$AAh?$AAi?$AAl?$AAe@
0x0047A0FC,??_C@_1CC@OCOLPALL@?$AAs?$AAp?$AAa?$AAn?$AAi?$AAs?$AAh?$AA?9?$AAc?$AAo?$AAl?$AAo?$AAm?$AAb?$AAi@
0x0047A120,??_C@_1CG@BPOFMKBB@?$AAs?$AAp?$AAa?$AAn?$AAi?$AAs?$AAh?$AA?9?$AAc?$AAo?$AAs?$AAt?$AAa?$AA?5?$AAr@
0x0047A148,??_C@_1DG@IGOBAPBB@?$AAs?$AAp?$AAa?$AAn?$AAi?$AAs?$AAh?$AA?9?$AAd?$AAo?$AAm?$AAi?$AAn?$AAi?$AAc@
0x0047A180,??_C@_1CA@JHAPGEGI@?$AAs?$AAp?$AAa?$AAn?$AAi?$AAs?$AAh?$AA?9?$AAe?$AAc?$AAu?$AAa?$AAd?$AAo?$AAr@
0x0047A1A0,??_C@_1CI@LAPALJPP@?$AAs?$AAp?$AAa?$AAn?$AAi?$AAs?$AAh?$AA?9?$AAe?$AAl?$AA?5?$AAs?$AAa?$AAl?$AAv@
0x0047A1C8,??_C@_1CE@PDGBOFOM@?$AAs?$AAp?$AAa?$AAn?$AAi?$AAs?$AAh?$AA?9?$AAg?$AAu?$AAa?$AAt?$AAe?$AAm?$AAa@
0x0047A1EC,??_C@_1CC@NBEBAODI@?$AAs?$AAp?$AAa?$AAn?$AAi?$AAs?$AAh?$AA?9?$AAh?$AAo?$AAn?$AAd?$AAu?$AAr?$AAa@
0x0047A210,??_C@_1CA@LLKGHBMF@?$AAs?$AAp?$AAa?$AAn?$AAi?$AAs?$AAh?$AA?9?$AAm?$AAe?$AAx?$AAi?$AAc?$AAa?$AAn@
0x0047A230,??_C@_1BO@LKNDOIGD@?$AAs?$AAp?$AAa?$AAn?$AAi?$AAs?$AAh?$AA?9?$AAm?$AAo?$AAd?$AAe?$AAr?$AAn@
0x0047A250,??_C@_1CE@NMDMOEEB@?$AAs?$AAp?$AAa?$AAn?$AAi?$AAs?$AAh?$AA?9?$AAn?$AAi?$AAc?$AAa?$AAr?$AAa?$AAg@
0x0047A274,??_C@_1BO@LLCBEJGB@?$AAs?$AAp?$AAa?$AAn?$AAi?$AAs?$AAh?$AA?9?$AAp?$AAa?$AAn?$AAa?$AAm?$AAa@
0x0047A294,??_C@_1CC@FKPGGIHO@?$AAs?$AAp?$AAa?$AAn?$AAi?$AAs?$AAh?$AA?9?$AAp?$AAa?$AAr?$AAa?$AAg?$AAu?$AAa@
0x0047A2B8,??_C@_1BK@CDEIHOOP@?$AAs?$AAp?$AAa?$AAn?$AAi?$AAs?$AAh?$AA?9?$AAp?$AAe?$AAr?$AAu@
0x0047A2D4,??_C@_1CI@GAHAKKGP@?$AAs?$AAp?$AAa?$AAn?$AAi?$AAs?$AAh?$AA?9?$AAp?$AAu?$AAe?$AAr?$AAt?$AAo?$AA?5@
0x0047A2FC,??_C@_1CA@NKJBCAGP@?$AAs?$AAp?$AAa?$AAn?$AAi?$AAs?$AAh?$AA?9?$AAu?$AAr?$AAu?$AAg?$AAu?$AAa?$AAy@
0x0047A31C,??_C@_1CE@ODILCONM@?$AAs?$AAp?$AAa?$AAn?$AAi?$AAs?$AAh?$AA?9?$AAv?$AAe?$AAn?$AAe?$AAz?$AAu?$AAe@
0x0047A340,??_C@_1CA@OBNMCGFO@?$AAs?$AAw?$AAe?$AAd?$AAi?$AAs?$AAh?$AA?9?$AAf?$AAi?$AAn?$AAl?$AAa?$AAn?$AAd@
0x0047A360,??_C@_1M@PIPDDPPI@?$AAs?$AAw?$AAi?$AAs?$AAs@
0x0047A36C,??_C@_15PJPFLCCM@?$AAu?$AAk@
0x0047A374,??_C@_15GMFIMNFM@?$AAu?$AAs@
0x0047A37C,??_C@_17HAEBFAGL@?$AAu?$AAs?$AAa@
0x0047A384,??_C@_1BA@DPFJEPHB@?$AAa?$AAm?$AAe?$AAr?$AAi?$AAc?$AAa@
0x0047A394,??_C@_1BA@ELOGGFK@?$AAb?$AAr?$AAi?$AAt?$AAa?$AAi?$AAn@
0x0047A3A4,??_C@_1M@GHBGIGDA@?$AAc?$AAh?$AAi?$AAn?$AAa@
0x0047A3B0,??_C@_1M@NCHEJOPO@?$AAc?$AAz?$AAe?$AAc?$AAh@
0x0047A3BC,??_C@_1BA@BKPAPBLA@?$AAe?$AAn?$AAg?$AAl?$AAa?$AAn?$AAd@
0x0047A3CC,??_C@_1BM@HKBCKIPC@?$AAg?$AAr?$AAe?$AAa?$AAt?$AA?5?$AAb?$AAr?$AAi?$AAt?$AAa?$AAi?$AAn@
0x0047A3E8,??_C@_1BA@PPCHPGJB@?$AAh?$AAo?$AAl?$AAl?$AAa?$AAn?$AAd@
0x0047A3F8,??_C@_1BE@JBMPEGDG@?$AAh?$AAo?$AAn?$AAg?$AA?9?$AAk?$AAo?$AAn?$AAg@
0x0047A40C,??_C@_1BI@KOELBBPJ@?$AAn?$AAe?$AAw?$AA?9?$AAz?$AAe?$AAa?$AAl?$AAa?$AAn?$AAd@
0x0047A424,??_C@_15HIEBHAIO@?$AAn?$AAz@
0x0047A42C,??_C@_1BC@CHBCPFPI@?$AAp?$AAr?$AA?5?$AAc?$AAh?$AAi?$AAn?$AAa@
0x0047A440,??_C@_1BC@JAOIIFKD@?$AAp?$AAr?$AA?9?$AAc?$AAh?$AAi?$AAn?$AAa@
0x0047A454,??_C@_1BI@BEHPPHKC@?$AAp?$AAu?$AAe?$AAr?$AAt?$AAo?$AA?9?$AAr?$AAi?$AAc?$AAo@
0x0047A46C,??_C@_1O@PAEOFKDI@?$AAs?$AAl?$AAo?$AAv?$AAa?$AAk@
0x0047A47C,??_C@_1BK@FIHMCKAM@?$AAs?$AAo?$AAu?$AAt?$AAh?$AA?5?$AAa?$AAf?$AAr?$AAi?$AAc?$AAa@
0x0047A498,??_C@_1BI@NAEOODKB@?$AAs?$AAo?$AAu?$AAt?$AAh?$AA?5?$AAk?$AAo?$AAr?$AAe?$AAa@
0x0047A4B0,??_C@_1BK@FBDGGIFF@?$AAs?$AAo?$AAu?$AAt?$AAh?$AA?9?$AAa?$AAf?$AAr?$AAi?$AAc?$AAa@
0x0047A4CC,??_C@_1BI@GHLEJDPK@?$AAs?$AAo?$AAu?$AAt?$AAh?$AA?9?$AAk?$AAo?$AAr?$AAe?$AAa@
0x0047A4E4,??_C@_1CE@PLHLOMJF@?$AAt?$AAr?$AAi?$AAn?$AAi?$AAd?$AAa?$AAd?$AA?5?$AA?$CG?$AA?5?$AAt?$AAo?$AAb?$AAa@
0x0047A508,??_C@_1BO@MODIMHHI@?$AAu?$AAn?$AAi?$AAt?$AAe?$AAd?$AA?9?$AAk?$AAi?$AAn?$AAg?$AAd?$AAo?$AAm@
0x0047A528,??_C@_1BM@FFHJONBJ@?$AAu?$AAn?$AAi?$AAt?$AAe?$AAd?$AA?9?$AAs?$AAt?$AAa?$AAt?$AAe?$AAs@
0x0047A544,??_C@_19MPDNHKDG@?$AAu?$AAt?$AAf?$AA8@
0x0047A550,??_C@_17DNCLJFIF@?$AAA?$AAC?$AAP@
0x0047A558,??_C@_1M@FPEIIFAM@?$AAu?$AAt?$AAf?$AA?9?$AA8@
0x0047A564,??_C@_17CIKBIHLH@?$AAO?$AAC?$AAP@
0x0047A56C,___rglangidNotDefault
0x0047A588,?large_power_data@?1??multiply_by_power_of_ten@__crt_strtox@@YA_NAAUbig_integer@2@I@Z@4QBIB
0x0047AE90,?large_power_indices@?1??multiply_by_power_of_ten@__crt_strtox@@YA_NAAUbig_integer@2@I@Z@4QBUunpack_index@?1??12@YA_N0I@Z@B
0x0047AF28,?small_powers_of_ten@?1??multiply_by_power_of_ten@__crt_strtox@@YA_NAAUbig_integer@2@I@Z@4QBIB
0x0047AF4C,??_C@_01GBGANLPD@0@
0x0047AF50,??_C@_05DNEBIAHO@1?$CDINF@
0x0047AF58,??_C@_06IMKFLFPG@1?$CDQNAN@
0x0047AF60,??_C@_06PGGFOGJG@1?$CDSNAN@
0x0047AF68,??_C@_05PHHOCPM@1?$CDIND@
0x0047AF70,__indefinite
0x0047AF7A,__piby2
0x0047AF84,__piby4
0x0047B018,??_C@_03MGHMBJCF@log@
0x0047B01C,??_C@_05HGHHAHAP@log10@
0x0047B024,??_C@_03KHJOGHMM@exp@
0x0047B028,??_C@_03JGHBODFD@pow@
0x0047B02C,??_C@_04FIHNOPOL@asin@
0x0047B034,??_C@_04PDIFKINK@acos@
0x0047B03C,??_C@_04EIAKFFMI@sqrt@
0x0047B048,__real@3ff0000000000000
0x0047B050,___acrt_acos_asin_tbl_addr
0x0047BF50,___acrt_acos_asin_t_table
0x0047C750,___acrt_cos_sin_ctable
0x0047D670,??_C@_15EMKDOKLE@?$AAa?$AAr@
0x0047D678,??_C@_15KNPADPLH@?$AAb?$AAg@
0x0047D680,??_C@_15EDMHLDMO@?$AAc?$AAa@
0x0047D688,??_C@_1O@BPEAJADD@?$AAz?$AAh?$AA?9?$AAC?$AAH?$AAS@
0x0047D698,??_C@_15LJNHCMNK@?$AAc?$AAs@
0x0047D6A0,??_C@_15FOMCIDHG@?$AAd?$AAa@
0x0047D6A8,??_C@_15NBKABECB@?$AAd?$AAe@
0x0047D6B0,??_C@_15GHPEIIAO@?$AAe?$AAl@
0x0047D6B8,??_C@_15MNPNEAIF@?$AAe?$AAn@
0x0047D6C0,??_C@_15GPIOMPMH@?$AAe?$AAs@
0x0047D6C8,??_C@_15NGLOAKJC@?$AAf?$AAi@
0x0047D6D0,??_C@_15FBKGNKAM@?$AAf?$AAr@
0x0047D6D8,??_C@_15KGGCNEFK@?$AAh?$AAe@
0x0047D6E0,??_C@_15PGHLIDMF@?$AAh?$AAu@
0x0047D6E8,??_C@_15BIEMAPLM@?$AAi?$AAs@
0x0047D6F0,??_C@_15IFJLDHAF@?$AAi?$AAt@
0x0047D6F8,??_C@_15GEMIOCAG@?$AAj?$AAa@
0x0047D700,??_C@_15EPELEGJA@?$AAk?$AAo@
0x0047D708,??_C@_15NDDHIMN@?$AAn?$AAl@
0x0047D710,??_C@_15BPIGNHCD@?$AAn?$AAo@
0x0047D718,??_C@_15DEOPBLCG@?$AAp?$AAl@
0x0047D720,??_C@_15KBECGEFG@?$AAp?$AAt@
0x0047D728,??_C@_15GLJCBFMD@?$AAr?$AAo@
0x0047D730,??_C@_15FEDGKCDI@?$AAr?$AAu@
0x0047D738,??_C@_15GLKMLLHM@?$AAh?$AAr@
0x0047D740,??_C@_15CPKMFBDB@?$AAs?$AAk@
0x0047D748,??_C@_15BAAIOGMK@?$AAs?$AAq@
0x0047D750,??_C@_15INNPNOHD@?$AAs?$AAv@
0x0047D758,??_C@_15CABMMOGH@?$AAt?$AAh@
0x0047D760,??_C@_15BPLIHJJM@?$AAt?$AAr@
0x0047D768,??_C@_15NEOEKKDJ@?$AAu?$AAr@
0x0047D770,??_C@_15NFICGAJK@?$AAi?$AAd@
0x0047D778,??_C@_15HPJPHDM@?$AAb?$AAe@
0x0047D780,??_C@_15LCHLGJII@?$AAs?$AAl@
0x0047D788,??_C@_15PCFJPHHO@?$AAe?$AAt@
0x0047D790,??_C@_15HPFPGODN@?$AAl?$AAv@
0x0047D798,??_C@_15NFFGKGLG@?$AAl?$AAt@
0x0047D7A0,??_C@_15BDAKCCHN@?$AAf?$AAa@
0x0047D7A8,??_C@_15NFGIAIAJ@?$AAv?$AAi@
0x0047D7B0,??_C@_15LMKNDMHN@?$AAh?$AAy@
0x0047D7B8,??_C@_15IJBHMCFL@?$AAa?$AAz@
0x0047D7C0,??_C@_15EKOFJABL@?$AAe?$AAu@
0x0047D7C8,??_C@_15BGHADCNK@?$AAm?$AAk@
0x0047D7D0,??_C@_15JDNICKHM@?$AAa?$AAf@
0x0047D7D8,??_C@_15KPJEDBKD@?$AAk?$AAa@
0x0047D7E0,??_C@_15PDNFFFEO@?$AAf?$AAo@
0x0047D7E8,??_C@_15OMLEGLOC@?$AAh?$AAi@
0x0047D7F0,??_C@_15IDNNENKK@?$AAm?$AAs@
0x0047D7F8,??_C@_15MACJNBMH@?$AAk?$AAk@
0x0047D800,??_C@_15DKDJEOND@?$AAk?$AAy@
0x0047D808,??_C@_15DFGDLJBG@?$AAs?$AAw@
0x0047D810,??_C@_15BBFAICNG@?$AAu?$AAz@
0x0047D818,??_C@_15DKNDCGEA@?$AAt?$AAt@
0x0047D820,??_C@_15MGIFMDPL@?$AAp?$AAa@
0x0047D828,??_C@_15HCNDBBA@?$AAg?$AAu@
0x0047D830,??_C@_15FNBEIBON@?$AAt?$AAa@
0x0047D838,??_C@_15NCHGBGLK@?$AAt?$AAe@
0x0047D840,??_C@_15PHPHCBPF@?$AAk?$AAn@
0x0047D848,??_C@_15DLGBCKMP@?$AAm?$AAr@
0x0047D850,??_C@_15EABBLBFF@?$AAs?$AAa@
0x0047D858,??_C@_15CBKOMCOI@?$AAm?$AAn@
0x0047D860,??_C@_15CKDMCJAF@?$AAg?$AAl@
0x0047D868,??_C@_17CNJFBPG@?$AAk?$AAo?$AAk@
0x0047D870,??_C@_17FFBJICPL@?$AAs?$AAy?$AAr@
0x0047D878,??_C@_17KPNDCPAF@?$AAd?$AAi?$AAv@
0x0047D880,??_C@_11LOCGONAA@@
0x0047D884,??_C@_1M@OKAHONE@?$AAa?$AAr?$AA?9?$AAS?$AAA@
0x0047D890,??_C@_1M@FFFIGIGK@?$AAb?$AAg?$AA?9?$AAB?$AAG@
0x0047D89C,??_C@_1M@BJNKEDC@?$AAc?$AAa?$AA?9?$AAE?$AAS@
0x0047D8A8,??_C@_1M@IJJHFJHA@?$AAc?$AAs?$AA?9?$AAC?$AAZ@
0x0047D8B4,??_C@_1M@CLPEOBGI@?$AAd?$AAa?$AA?9?$AAD?$AAK@
0x0047D8C0,??_C@_1M@MCMADGCB@?$AAd?$AAe?$AA?9?$AAD?$AAE@
0x0047D8CC,??_C@_1M@OOCKEMAM@?$AAe?$AAl?$AA?9?$AAG?$AAR@
0x0047D8D8,??_C@_1M@DDNJFGID@?$AAf?$AAi?$AA?9?$AAF?$AAI@
0x0047D8E4,??_C@_1M@GLIPPMAC@?$AAf?$AAr?$AA?9?$AAF?$AAR@
0x0047D8F0,??_C@_1M@GFMCHPE@?$AAh?$AAe?$AA?9?$AAI?$AAL@
0x0047D8FC,??_C@_1M@MHLPGNKM@?$AAh?$AAu?$AA?9?$AAH?$AAU@
0x0047D908,??_C@_1M@LPDDNNPN@?$AAi?$AAs?$AA?9?$AAI?$AAS@
0x0047D914,??_C@_1M@MADIPODN@?$AAi?$AAt?$AA?9?$AAI?$AAT@
0x0047D920,??_C@_1M@IHBJJGG@?$AAn?$AAl?$AA?9?$AAN?$AAL@
0x0047D92C,??_C@_1M@EANAGDL@?$AAn?$AAb?$AA?9?$AAN?$AAO@
0x0047D938,??_C@_1M@NEIEMEGP@?$AAp?$AAl?$AA?9?$AAP?$AAL@
0x0047D944,??_C@_1M@BOCFIGEP@?$AAp?$AAt?$AA?9?$AAB?$AAR@
0x0047D950,??_C@_1M@IMPFOPBG@?$AAr?$AAo?$AA?9?$AAR?$AAO@
0x0047D95C,??_C@_1M@IDNNEJMM@?$AAr?$AAu?$AA?9?$AAR?$AAU@
0x0047D968,??_C@_1M@LILEEOGM@?$AAh?$AAr?$AA?9?$AAH?$AAR@
0x0047D974,??_C@_1M@FKIFEHPB@?$AAs?$AAk?$AA?9?$AAS?$AAK@
0x0047D980,??_C@_1M@LJMAMNPJ@?$AAs?$AAq?$AA?9?$AAA?$AAL@
0x0047D98C,??_C@_1M@GIAKDKJK@?$AAs?$AAv?$AA?9?$AAS?$AAE@
0x0047D998,??_C@_1M@MKJKIKCL@?$AAt?$AAh?$AA?9?$AAT?$AAH@
0x0047D9A4,??_C@_1M@MFLCCMPB@?$AAt?$AAr?$AA?9?$AAT?$AAR@
0x0047D9B0,??_C@_1M@OIJHDKJN@?$AAu?$AAr?$AA?9?$AAP?$AAK@
0x0047D9BC,??_C@_1M@LHIPCIEK@?$AAi?$AAd?$AA?9?$AAI?$AAD@
0x0047D9C8,??_C@_1M@MFMOBGI@?$AAu?$AAk?$AA?9?$AAU?$AAA@
0x0047D9D4,??_C@_1M@OBGLJIPL@?$AAb?$AAe?$AA?9?$AAB?$AAY@
0x0047D9E0,??_C@_1M@BCFAJEAD@?$AAs?$AAl?$AA?9?$AAS?$AAI@
0x0047D9EC,??_C@_1M@FKFFEDDN@?$AAe?$AAt?$AA?9?$AAE?$AAE@
0x0047D9F8,??_C@_1M@KGKKAACI@?$AAl?$AAv?$AA?9?$AAL?$AAV@
0x0047DA04,??_C@_1M@IFGBIJO@?$AAl?$AAt?$AA?9?$AAL?$AAT@
0x0047DA10,??_C@_1M@FGEAHEDM@?$AAf?$AAa?$AA?9?$AAI?$AAR@
0x0047DA1C,??_C@_1M@KBMAIBFN@?$AAv?$AAi?$AA?9?$AAV?$AAN@
0x0047DA28,??_C@_1M@GPCBKDJK@?$AAh?$AAy?$AA?9?$AAA?$AAM@
0x0047DA34,??_C@_1BG@BECMDDJB@?$AAa?$AAz?$AA?9?$AAA?$AAZ?$AA?9?$AAL?$AAa?$AAt?$AAn@
0x0047DA4C,??_C@_1M@MAOFCAEA@?$AAe?$AAu?$AA?9?$AAE?$AAS@
0x0047DA58,??_C@_1M@IGHABKPI@?$AAm?$AAk?$AA?9?$AAM?$AAK@
0x0047DA64,??_C@_1M@IAIGNEJG@?$AAt?$AAn?$AA?9?$AAZ?$AAA@
0x0047DA70,??_C@_1M@IIJCOJFA@?$AAx?$AAh?$AA?9?$AAZ?$AAA@
0x0047DA7C,??_C@_1M@LGPJHNJH@?$AAz?$AAu?$AA?9?$AAZ?$AAA@
0x0047DA88,??_C@_1M@HOKAOIO@?$AAa?$AAf?$AA?9?$AAZ?$AAA@
0x0047DA94,??_C@_1M@DPCLHLIE@?$AAk?$AAa?$AA?9?$AAG?$AAE@
0x0047DAA0,??_C@_1M@BLKMHJBI@?$AAf?$AAo?$AA?9?$AAF?$AAO@
0x0047DAAC,??_C@_1M@LGGJAPPB@?$AAh?$AAi?$AA?9?$AAI?$AAN@
0x0047DAB8,??_C@_1M@FIKPIHFE@?$AAm?$AAt?$AA?9?$AAM?$AAT@
0x0047DAC4,??_C@_1M@HEGGPBFA@?$AAs?$AAe?$AA?9?$AAN?$AAO@
0x0047DAD0,??_C@_1M@EIBJEEPA@?$AAm?$AAs?$AA?9?$AAM?$AAY@
0x0047DADC,??_C@_1M@FHLBGMPP@?$AAk?$AAk?$AA?9?$AAK?$AAZ@
0x0047DAE8,??_C@_1M@NGJJLCGI@?$AAk?$AAy?$AA?9?$AAK?$AAG@
0x0047DAF4,??_C@_1M@GIENNBFC@?$AAs?$AAw?$AA?9?$AAK?$AAE@
0x0047DB00,??_C@_1BG@NDGMJIMJ@?$AAu?$AAz?$AA?9?$AAU?$AAZ?$AA?9?$AAL?$AAa?$AAt?$AAn@
0x0047DB18,??_C@_1M@IDCCIHBC@?$AAt?$AAt?$AA?9?$AAR?$AAU@
0x0047DB24,??_C@_1M@LOICPMOJ@?$AAb?$AAn?$AA?9?$AAI?$AAN@
0x0047DB30,??_C@_1M@KPKKNEAH@?$AAp?$AAa?$AA?9?$AAI?$AAN@
0x0047DB3C,??_C@_1M@PJGPPBOG@?$AAg?$AAu?$AA?9?$AAI?$AAN@
0x0047DB48,??_C@_1M@KMKMOPHI@?$AAt?$AAa?$AA?9?$AAI?$AAN@
0x0047DB54,??_C@_1M@KFEHEPAC@?$AAt?$AAe?$AA?9?$AAI?$AAN@
0x0047DB60,??_C@_1M@CDCLMGHI@?$AAk?$AAn?$AA?9?$AAI?$AAN@
0x0047DB6C,??_C@_1M@MIODLDKF@?$AAm?$AAl?$AA?9?$AAI?$AAN@
0x0047DB78,??_C@_1M@PBIEACPO@?$AAm?$AAr?$AA?9?$AAI?$AAN@
0x0047DB84,??_C@_1M@NIDEAGPH@?$AAs?$AAa?$AA?9?$AAI?$AAN@
0x0047DB90,??_C@_1M@FHIHCBIO@?$AAm?$AAn?$AA?9?$AAM?$AAN@
0x0047DB9C,??_C@_1M@JAIJPENP@?$AAc?$AAy?$AA?9?$AAG?$AAB@
0x0047DBA8,??_C@_1M@PHGFBEPN@?$AAg?$AAl?$AA?9?$AAE?$AAS@
0x0047DBB4,??_C@_1O@KPIPDNCP@?$AAk?$AAo?$AAk?$AA?9?$AAI?$AAN@
0x0047DBC4,??_C@_1O@KNHJLDJA@?$AAs?$AAy?$AAr?$AA?9?$AAS?$AAY@
0x0047DBD4,??_C@_1O@MKEKBLAH@?$AAd?$AAi?$AAv?$AA?9?$AAM?$AAV@
0x0047DBE4,??_C@_1O@OHDCKDDF@?$AAq?$AAu?$AAz?$AA?9?$AAB?$AAO@
0x0047DBF4,??_C@_1M@LEPJNLFD@?$AAn?$AAs?$AA?9?$AAZ?$AAA@
0x0047DC00,??_C@_1M@OMLEIIJB@?$AAm?$AAi?$AA?9?$AAN?$AAZ@
0x0047DC0C,??_C@_1M@PMPEAILG@?$AAa?$AAr?$AA?9?$AAI?$AAQ@
0x0047DC18,??_C@_1M@CNKPNOEE@?$AAd?$AAe?$AA?9?$AAC?$AAH@
0x0047DC24,??_C@_1M@LKMGMLKO@?$AAe?$AAn?$AA?9?$AAG?$AAB@
0x0047DC30,??_C@_1M@PGKJFFGL@?$AAe?$AAs?$AA?9?$AAM?$AAX@
0x0047DC3C,??_C@_1M@DNNANBDC@?$AAf?$AAr?$AA?9?$AAB?$AAE@
0x0047DC48,??_C@_1M@HLGMDFHM@?$AAi?$AAt?$AA?9?$AAC?$AAH@
0x0047DC54,??_C@_1M@CLLBGJH@?$AAn?$AAl?$AA?9?$AAB?$AAE@
0x0047DC60,??_C@_1M@BODBOGLF@?$AAn?$AAn?$AA?9?$AAN?$AAO@
0x0047DC6C,??_C@_1M@HFFAHKAD@?$AAp?$AAt?$AA?9?$AAP?$AAT@
0x0047DC78,??_C@_1BG@LNOAKHIE@?$AAs?$AAr?$AA?9?$AAS?$AAP?$AA?9?$AAL?$AAa?$AAt?$AAn@
0x0047DC90,??_C@_1M@HBMHBGAK@?$AAs?$AAv?$AA?9?$AAF?$AAI@
0x0047DC9C,??_C@_1BG@DGCJGJBE@?$AAa?$AAz?$AA?9?$AAA?$AAZ?$AA?9?$AAC?$AAy?$AAr?$AAl@
0x0047DCB4,??_C@_1M@KEJDAAHB@?$AAs?$AAe?$AA?9?$AAS?$AAE@
0x0047DCC0,??_C@_1M@HEIBJJAD@?$AAm?$AAs?$AA?9?$AAB?$AAN@
0x0047DCCC,??_C@_1BG@PBGJMCEM@?$AAu?$AAz?$AA?9?$AAU?$AAZ?$AA?9?$AAC?$AAy?$AAr?$AAl@
0x0047DCE4,??_C@_1O@LAOBCMDF@?$AAq?$AAu?$AAz?$AA?9?$AAE?$AAC@
0x0047DCF4,??_C@_1M@POEEMAIO@?$AAa?$AAr?$AA?9?$AAE?$AAG@
0x0047DD00,??_C@_1M@EFAKDEDL@?$AAz?$AAh?$AA?9?$AAH?$AAK@
0x0047DD0C,??_C@_1M@HKKIJHGI@?$AAd?$AAe?$AA?9?$AAA?$AAT@
0x0047DD18,??_C@_1M@KBFBEHJF@?$AAe?$AAn?$AA?9?$AAA?$AAU@
0x0047DD24,??_C@_1M@MNPLFAAH@?$AAe?$AAs?$AA?9?$AAE?$AAS@
0x0047DD30,??_C@_1M@HJOOJFMA@?$AAf?$AAr?$AA?9?$AAC?$AAA@
0x0047DD3C,??_C@_1BG@JPOFPNAB@?$AAs?$AAr?$AA?9?$AAS?$AAP?$AA?9?$AAC?$AAy?$AAr?$AAl@
0x0047DD54,??_C@_1M@LNFOCMOB@?$AAs?$AAe?$AA?9?$AAF?$AAI@
0x0047DD60,??_C@_1O@MGJBOAMB@?$AAq?$AAu?$AAz?$AA?9?$AAP?$AAE@
0x0047DD70,??_C@_1M@GJINLBOK@?$AAa?$AAr?$AA?9?$AAL?$AAY@
0x0047DD7C,??_C@_1M@GGMNHJNL@?$AAz?$AAh?$AA?9?$AAS?$AAG@
0x0047DD88,??_C@_1M@HOIKODND@?$AAd?$AAe?$AA?9?$AAL?$AAU@
0x0047DD94,??_C@_1M@DDOCCGFG@?$AAe?$AAn?$AA?9?$AAC?$AAA@
0x0047DDA0,??_C@_1M@BNOEMJLF@?$AAe?$AAs?$AA?9?$AAG?$AAT@
0x0047DDAC,??_C@_1M@EOGNKEK@?$AAf?$AAr?$AA?9?$AAC?$AAH@
0x0047DDB8,??_C@_1M@FLIDJFHL@?$AAh?$AAr?$AA?9?$AAB?$AAA@
0x0047DDC4,??_C@_1O@FMCELNAJ@?$AAs?$AAm?$AAj?$AA?9?$AAN?$AAO@
0x0047DDD4,??_C@_1M@JHGLJMGJ@?$AAa?$AAr?$AA?9?$AAD?$AAZ@
0x0047DDE0,??_C@_1M@JKKFDCNP@?$AAz?$AAh?$AA?9?$AAM?$AAO@
0x0047DDEC,??_C@_1M@GEEFALPE@?$AAd?$AAe?$AA?9?$AAL?$AAI@
0x0047DDF8,??_C@_1M@IGEOFBG@?$AAe?$AAn?$AA?9?$AAN?$AAZ@
0x0047DE04,??_C@_1M@KDBONEHP@?$AAe?$AAs?$AA?9?$AAC?$AAR@
0x0047DE10,??_C@_1M@FHMDOHNN@?$AAf?$AAr?$AA?9?$AAL?$AAU@
0x0047DE1C,??_C@_1BG@NFKKMAFG@?$AAb?$AAs?$AA?9?$AAB?$AAA?$AA?9?$AAL?$AAa?$AAt?$AAn@
0x0047DE34,??_C@_1O@IMNBEMCI@?$AAs?$AAm?$AAj?$AA?9?$AAS?$AAE@
0x0047DE44,??_C@_1M@DHHMBNDP@?$AAa?$AAr?$AA?9?$AAM?$AAA@
0x0047DE50,??_C@_1M@BNBLJCGH@?$AAe?$AAn?$AA?9?$AAI?$AAE@
0x0047DE5C,??_C@_1M@GEPAFMDL@?$AAe?$AAs?$AA?9?$AAP?$AAA@
0x0047DE68,??_C@_1M@OJONDMDL@?$AAf?$AAr?$AA?9?$AAM?$AAC@
0x0047DE74,??_C@_1BG@OBCNFJB@?$AAs?$AAr?$AA?9?$AAB?$AAA?$AA?9?$AAL?$AAa?$AAt?$AAn@
0x0047DE8C,??_C@_1O@KEMEEGPO@?$AAs?$AAm?$AAa?$AA?9?$AAN?$AAO@
0x0047DE9C,??_C@_1M@ELMGFODK@?$AAa?$AAr?$AA?9?$AAT?$AAN@
0x0047DEA8,??_C@_1M@BHDLHFAF@?$AAe?$AAn?$AA?9?$AAZ?$AAA@
0x0047DEB4,??_C@_1M@BMGIGLIF@?$AAe?$AAs?$AA?9?$AAD?$AAO@
0x0047DEC0,??_C@_1BG@CMBHIPBE@?$AAs?$AAr?$AA?9?$AAB?$AAA?$AA?9?$AAC?$AAy?$AAr?$AAl@
0x0047DED8,??_C@_1O@HEDBLHNP@?$AAs?$AAm?$AAa?$AA?9?$AAS?$AAE@
0x0047DEE8,??_C@_1M@DAGCADIM@?$AAa?$AAr?$AA?9?$AAO?$AAM@
0x0047DEF4,??_C@_1M@FODLMICG@?$AAe?$AAn?$AA?9?$AAJ?$AAM@
0x0047DF00,??_C@_1M@DNMLCIHB@?$AAe?$AAs?$AA?9?$AAV?$AAE@
0x0047DF0C,??_C@_1O@EOKHMKJK@?$AAs?$AAm?$AAs?$AA?9?$AAF?$AAI@
0x0047DF1C,??_C@_1M@CAFJMKOF@?$AAa?$AAr?$AA?9?$AAY?$AAE@
0x0047DF28,??_C@_1M@CBFHIJLI@?$AAe?$AAn?$AA?9?$AAC?$AAB@
0x0047DF34,??_C@_1M@BGNFLDN@?$AAe?$AAs?$AA?9?$AAC?$AAO@
0x0047DF40,??_C@_1O@JMPHMAMC@?$AAs?$AAm?$AAn?$AA?9?$AAF?$AAI@
0x0047DF50,??_C@_1M@JLANABKE@?$AAa?$AAr?$AA?9?$AAS?$AAY@
0x0047DF5C,??_C@_1M@HPKGCFGN@?$AAe?$AAn?$AA?9?$AAB?$AAZ@
0x0047DF68,??_C@_1M@OLJCMLGM@?$AAe?$AAs?$AA?9?$AAP?$AAE@
0x0047DF74,??_C@_1M@MKKGFKLE@?$AAa?$AAr?$AA?9?$AAJ?$AAO@
0x0047DF80,??_C@_1M@EKPGLDNI@?$AAe?$AAn?$AA?9?$AAT?$AAT@
0x0047DF8C,??_C@_1M@OONGHFHE@?$AAe?$AAs?$AA?9?$AAA?$AAR@
0x0047DF98,??_C@_1M@OOJFGBHE@?$AAa?$AAr?$AA?9?$AAL?$AAB@
0x0047DFA4,??_C@_1M@GCEJHNEG@?$AAe?$AAn?$AA?9?$AAZ?$AAW@
0x0047DFB0,??_C@_1M@JNOCAHJI@?$AAe?$AAs?$AA?9?$AAE?$AAC@
0x0047DFBC,??_C@_1M@JEFHPGGB@?$AAa?$AAr?$AA?9?$AAK?$AAW@
0x0047DFC8,??_C@_1M@MLKIBJOJ@?$AAe?$AAn?$AA?9?$AAP?$AAH@
0x0047DFD4,??_C@_1M@BDNIPEND@?$AAe?$AAs?$AA?9?$AAC?$AAL@
0x0047DFE0,??_C@_1M@MPNMEKBD@?$AAa?$AAr?$AA?9?$AAA?$AAE@
0x0047DFEC,??_C@_1M@KBJALCPI@?$AAe?$AAs?$AA?9?$AAU?$AAY@
0x0047DFF8,??_C@_1M@LLCCOAGA@?$AAa?$AAr?$AA?9?$AAB?$AAH@
0x0047E004,??_C@_1M@PBFNCDEL@?$AAe?$AAs?$AA?9?$AAP?$AAY@
0x0047E010,??_C@_1M@EDGINPNP@?$AAa?$AAr?$AA?9?$AAQ?$AAA@
0x0047E01C,??_C@_1M@MKDBIIJI@?$AAe?$AAs?$AA?9?$AAB?$AAO@
0x0047E028,??_C@_1M@CPKKEBLD@?$AAe?$AAs?$AA?9?$AAS?$AAV@
0x0047E034,??_C@_1M@NDBGMMJL@?$AAe?$AAs?$AA?9?$AAH?$AAN@
0x0047E040,??_C@_1M@JIJIBHDP@?$AAe?$AAs?$AA?9?$AAN?$AAI@
0x0047E04C,??_C@_1M@CGFMKEEK@?$AAe?$AAs?$AA?9?$AAP?$AAR@
0x0047E058,??_C@_1O@ICJHKIIK@?$AAz?$AAh?$AA?9?$AAC?$AAH?$AAT@
0x0047E068,??_C@_15CLNEJCE@?$AAs?$AAr@
0x0047E790,??_C@_1M@KAHEKEIG@?$AAa?$AAf?$AA?9?$AAz?$AAa@
0x0047E79C,??_C@_1M@GIECOABL@?$AAa?$AAr?$AA?9?$AAa?$AAe@
0x0047E7A8,??_C@_1M@BMLMEKGI@?$AAa?$AAr?$AA?9?$AAb?$AAh@
0x0047E7B4,??_C@_1M@DAPFDGGB@?$AAa?$AAr?$AA?9?$AAd?$AAz@
0x0047E7C0,??_C@_1M@FJNKGKIG@?$AAa?$AAr?$AA?9?$AAe?$AAg@
0x0047E7CC,??_C@_1M@FLGKKCLO@?$AAa?$AAr?$AA?9?$AAi?$AAq@
0x0047E7D8,??_C@_1M@GNDIPALM@?$AAa?$AAr?$AA?9?$AAj?$AAo@
0x0047E7E4,??_C@_1M@DDMJFMGJ@?$AAa?$AAr?$AA?9?$AAk?$AAw@
0x0047E7F0,??_C@_1M@EJALMLHM@?$AAa?$AAr?$AA?9?$AAl?$AAb@
0x0047E7FC,??_C@_1M@MOBDBLOC@?$AAa?$AAr?$AA?9?$AAl?$AAy@
0x0047E808,??_C@_1M@JAOCLHDH@?$AAa?$AAr?$AA?9?$AAm?$AAa@
0x0047E814,??_C@_1M@JHPMKJIE@?$AAa?$AAr?$AA?9?$AAo?$AAm@
0x0047E820,??_C@_1M@OEPGHFNH@?$AAa?$AAr?$AA?9?$AAq?$AAa@
0x0047E82C,??_C@_1M@KJDONENM@?$AAa?$AAr?$AA?9?$AAs?$AAa@
0x0047E838,??_C@_1M@DMJDKLKM@?$AAa?$AAr?$AA?9?$AAs?$AAy@
0x0047E844,??_C@_1M@OMFIPEDC@?$AAa?$AAr?$AA?9?$AAt?$AAn@
0x0047E850,??_C@_1M@IHMHGAON@?$AAa?$AAr?$AA?9?$AAy?$AAe@
0x0047E85C,??_C@_1BG@KDCPGJGB@?$AAa?$AAz?$AA?9?$AAa?$AAz?$AA?9?$AAc?$AAy?$AAr?$AAl@
0x0047E874,??_C@_1BG@IBCKDDOE@?$AAa?$AAz?$AA?9?$AAa?$AAz?$AA?9?$AAl?$AAa?$AAt?$AAn@
0x0047E88C,??_C@_1M@EGPFDCPD@?$AAb?$AAe?$AA?9?$AAb?$AAy@
0x0047E898,??_C@_1M@PCMGMCGC@?$AAb?$AAg?$AA?9?$AAb?$AAg@
0x0047E8A4,??_C@_1M@BJBMFGOB@?$AAb?$AAn?$AA?9?$AAi?$AAn@
0x0047E8B0,??_C@_1BG@EAKMMACD@?$AAb?$AAs?$AA?9?$AAb?$AAa?$AA?9?$AAl?$AAa?$AAt?$AAn@
0x0047E8C8,??_C@_1M@KGADAODK@?$AAc?$AAa?$AA?9?$AAe?$AAs@
0x0047E8D4,??_C@_1M@COAJPDHI@?$AAc?$AAs?$AA?9?$AAc?$AAz@
0x0047E8E0,??_C@_1M@DHBHFONH@?$AAc?$AAy?$AA?9?$AAg?$AAb@
0x0047E8EC,??_C@_1M@IMGKELGA@?$AAd?$AAa?$AA?9?$AAd?$AAk@
0x0047E8F8,??_C@_1M@NNDGDNGA@?$AAd?$AAe?$AA?9?$AAa?$AAt@
0x0047E904,??_C@_1M@IKDBHEEM@?$AAd?$AAe?$AA?9?$AAc?$AAh@
0x0047E910,??_C@_1M@GFFOJMCJ@?$AAd?$AAe?$AA?9?$AAd?$AAe@
0x0047E91C,??_C@_1M@MDNLKBPM@?$AAd?$AAe?$AA?9?$AAl?$AAi@
0x0047E928,??_C@_1M@NJBEEJNL@?$AAd?$AAe?$AA?9?$AAl?$AAu@
0x0047E934,??_C@_1O@GNNELBAP@?$AAd?$AAi?$AAv?$AA?9?$AAm?$AAv@
0x0047E944,??_C@_1M@EJLEOGAE@?$AAe?$AAl?$AA?9?$AAg?$AAr@
0x0047E950,??_C@_1M@GMPONJN@?$AAe?$AAn?$AA?9?$AAa?$AAu@
0x0047E95C,??_C@_1M@NIDIIPGF@?$AAe?$AAn?$AA?9?$AAb?$AAz@
0x0047E968,??_C@_1M@JEHMIMFO@?$AAe?$AAn?$AA?9?$AAc?$AAa@
0x0047E974,??_C@_1M@IGMJCDLA@?$AAe?$AAn?$AA?9?$AAc?$AAb@
0x0047E980,??_C@_1M@BNFIGBKG@?$AAe?$AAn?$AA?9?$AAg?$AAb@
0x0047E98C,??_C@_1M@LKIFDIGP@?$AAe?$AAn?$AA?9?$AAi?$AAe@
0x0047E998,??_C@_1M@PJKFGCCO@?$AAe?$AAn?$AA?9?$AAj?$AAm@
0x0047E9A4,??_C@_1M@KPPKEPBO@?$AAe?$AAn?$AA?9?$AAn?$AAz@
0x0047E9B0,??_C@_1M@GMDGLDOB@?$AAe?$AAn?$AA?9?$AAp?$AAh@
0x0047E9BC,??_C@_1M@ONGIBJNA@?$AAe?$AAn?$AA?9?$AAt?$AAt@
0x0047E9C8,??_C@_1M@LLODPCMM@?$AAe?$AAn?$AA?9?$AAu?$AAs@
0x0047E9D4,??_C@_1M@LAKFNPAN@?$AAe?$AAn?$AA?9?$AAz?$AAa@
0x0047E9E0,??_C@_1M@MFNHNHEO@?$AAe?$AAn?$AA?9?$AAz?$AAw@
0x0047E9EC,??_C@_1M@EJEINPHM@?$AAe?$AAs?$AA?9?$AAa?$AAr@
0x0047E9F8,??_C@_1M@GNKPCCJA@?$AAe?$AAs?$AA?9?$AAb?$AAo@
0x0047EA04,??_C@_1M@LEEGFONL@?$AAe?$AAs?$AA?9?$AAc?$AAl@
0x0047EA10,??_C@_1M@KGPDPBDF@?$AAe?$AAs?$AA?9?$AAc?$AAo@
0x0047EA1C,??_C@_1M@EIAHOHH@?$AAe?$AAs?$AA?9?$AAc?$AAr@
0x0047EA28,??_C@_1M@LLPGMBIN@?$AAe?$AAs?$AA?9?$AAd?$AAo@
0x0047EA34,??_C@_1M@DKHMKNJA@?$AAe?$AAs?$AA?9?$AAe?$AAc@
0x0047EA40,??_C@_1M@GKGFPKAP@?$AAe?$AAs?$AA?9?$AAe?$AAs@
0x0047EA4C,??_C@_1M@LKHKGDLN@?$AAe?$AAs?$AA?9?$AAg?$AAt@
0x0047EA58,??_C@_1M@HEIIGGJD@?$AAe?$AAs?$AA?9?$AAh?$AAn@
0x0047EA64,??_C@_1M@FBDHPPGD@?$AAe?$AAs?$AA?9?$AAm?$AAx@
0x0047EA70,??_C@_1M@DPAGLNDH@?$AAe?$AAs?$AA?9?$AAn?$AAi@
0x0047EA7C,??_C@_1M@MDGOPGDD@?$AAe?$AAs?$AA?9?$AAp?$AAa@
0x0047EA88,??_C@_1M@EMAMGBGE@?$AAe?$AAs?$AA?9?$AAp?$AAe@
0x0047EA94,??_C@_1M@IBMCAOEC@?$AAe?$AAs?$AA?9?$AAp?$AAr@
0x0047EAA0,??_C@_1M@FGMDIJED@?$AAe?$AAs?$AA?9?$AAp?$AAy@
0x0047EAAC,??_C@_1M@IIDEOLLL@?$AAe?$AAs?$AA?9?$AAs?$AAv@
0x0047EAB8,??_C@_1M@GAOBIPA@?$AAe?$AAs?$AA?9?$AAu?$AAy@
0x0047EAC4,??_C@_1M@JKFFICHJ@?$AAe?$AAs?$AA?9?$AAv?$AAe@
0x0047EAD0,??_C@_1M@PNMLOJDF@?$AAe?$AAt?$AA?9?$AAe?$AAe@
0x0047EADC,??_C@_1M@GHHLIKEI@?$AAe?$AAu?$AA?9?$AAe?$AAs@
0x0047EAE8,??_C@_1M@PBNONODE@?$AAf?$AAa?$AA?9?$AAi?$AAr@
0x0047EAF4,??_C@_1M@JEEHPMIL@?$AAf?$AAi?$AA?9?$AAf?$AAi@
0x0047EB00,??_C@_1M@LMDCNDBA@?$AAf?$AAo?$AA?9?$AAf?$AAo@
0x0047EB0C,??_C@_1M@JKEOHLDK@?$AAf?$AAr?$AA?9?$AAb?$AAe@
0x0047EB18,??_C@_1M@NOHADPMI@?$AAf?$AAr?$AA?9?$AAc?$AAa@
0x0047EB24,??_C@_1M@KDHIHAEC@?$AAf?$AAr?$AA?9?$AAc?$AAh@
0x0047EB30,??_C@_1M@MMBBFGAK@?$AAf?$AAr?$AA?9?$AAf?$AAr@
0x0047EB3C,??_C@_1M@PAFNENNF@?$AAf?$AAr?$AA?9?$AAl?$AAu@
0x0047EB48,??_C@_1M@EOHDJGDD@?$AAf?$AAr?$AA?9?$AAm?$AAc@
0x0047EB54,??_C@_1M@FAPLLOPF@?$AAg?$AAl?$AA?9?$AAe?$AAs@
0x0047EB60,??_C@_1M@FOPBFLOO@?$AAg?$AAu?$AA?9?$AAi?$AAn@
0x0047EB6C,??_C@_1M@KBMCINPM@?$AAh?$AAe?$AA?9?$AAi?$AAl@
0x0047EB78,??_C@_1M@BBPHKFPJ@?$AAh?$AAi?$AA?9?$AAi?$AAn@
0x0047EB84,??_C@_1M@PMBNDPHD@?$AAh?$AAr?$AA?9?$AAb?$AAa@
0x0047EB90,??_C@_1M@BPCKOEGE@?$AAh?$AAr?$AA?9?$AAh?$AAr@
0x0047EB9C,??_C@_1M@GACBMHKE@?$AAh?$AAu?$AA?9?$AAh?$AAu@
0x0047EBA8,??_C@_1M@MILPAJJC@?$AAh?$AAy?$AA?9?$AAa?$AAm@
0x0047EBB4,??_C@_1M@BABBICEC@?$AAi?$AAd?$AA?9?$AAi?$AAd@
0x0047EBC0,??_C@_1M@BIKNHHPF@?$AAi?$AAs?$AA?9?$AAi?$AAs@
0x0047EBCC,??_C@_1M@NMPCJPHE@?$AAi?$AAt?$AA?9?$AAc?$AAh@
0x0047EBD8,??_C@_1M@GHKGFEDF@?$AAi?$AAt?$AA?9?$AAi?$AAt@
0x0047EBE4,??_C@_1M@NIEJCJJA@?$AAj?$AAa?$AA?9?$AAj?$AAp@
0x0047EBF0,??_C@_1M@JILFNBIM@?$AAk?$AAa?$AA?9?$AAg?$AAe@
0x0047EBFC,??_C@_1M@PACPMGPH@?$AAk?$AAk?$AA?9?$AAk?$AAz@
0x0047EC08,??_C@_1M@IELFGMHA@?$AAk?$AAn?$AA?9?$AAi?$AAn@
0x0047EC14,??_C@_1O@IBBJHCH@?$AAk?$AAo?$AAk?$AA?9?$AAi?$AAn@
0x0047EC24,??_C@_1M@DMHAEOGC@?$AAk?$AAo?$AA?9?$AAk?$AAr@
0x0047EC30,??_C@_1M@HBAHBIGA@?$AAk?$AAy?$AA?9?$AAk?$AAg@
0x0047EC3C,??_C@_1M@KPMILCJG@?$AAl?$AAt?$AA?9?$AAl?$AAt@
0x0047EC48,??_C@_1M@BDEKKCA@?$AAl?$AAv?$AA?9?$AAl?$AAv@
0x0047EC54,??_C@_1M@ELCKCCJJ@?$AAm?$AAi?$AA?9?$AAn?$AAz@
0x0047EC60,??_C@_1M@CBOOLAPA@?$AAm?$AAk?$AA?9?$AAm?$AAk@
0x0047EC6C,??_C@_1M@GPHNBJKN@?$AAm?$AAl?$AA?9?$AAi?$AAn@
0x0047EC78,??_C@_1M@PABJILIG@?$AAm?$AAn?$AA?9?$AAm?$AAn@
0x0047EC84,??_C@_1M@FGBKKIPG@?$AAm?$AAr?$AA?9?$AAi?$AAn@
0x0047EC90,??_C@_1M@NDBPDDAL@?$AAm?$AAs?$AA?9?$AAb?$AAn@
0x0047EC9C,??_C@_1M@OPIHOOPI@?$AAm?$AAs?$AA?9?$AAm?$AAy@
0x0047ECA8,??_C@_1M@PPDBCNFM@?$AAm?$AAt?$AA?9?$AAm?$AAt@
0x0047ECB4,??_C@_1M@KDJDKMDD@?$AAn?$AAb?$AA?9?$AAn?$AAo@
0x0047ECC0,??_C@_1M@KFCFLMJP@?$AAn?$AAl?$AA?9?$AAb?$AAe@
0x0047ECCC,??_C@_1M@KPOPDDGO@?$AAn?$AAl?$AA?9?$AAn?$AAl@
0x0047ECD8,??_C@_1M@LJKPEMLN@?$AAn?$AAn?$AA?9?$AAn?$AAo@
0x0047ECE4,??_C@_1M@BDGHHBFL@?$AAn?$AAs?$AA?9?$AAz?$AAa@
0x0047ECF0,??_C@_1M@IDEHOAP@?$AAp?$AAa?$AA?9?$AAi?$AAn@
0x0047ECFC,??_C@_1M@HDBKGOGH@?$AAp?$AAl?$AA?9?$AAp?$AAl@
0x0047ED08,??_C@_1M@LJLLCMEH@?$AAp?$AAt?$AA?9?$AAb?$AAr@
0x0047ED14,??_C@_1M@NCMONAAL@?$AAp?$AAt?$AA?9?$AAp?$AAt@
0x0047ED20,??_C@_1O@EAKMAJDN@?$AAq?$AAu?$AAz?$AA?9?$AAb?$AAo@
0x0047ED30,??_C@_1O@BHHPIGDN@?$AAq?$AAu?$AAz?$AA?9?$AAe?$AAc@
0x0047ED40,??_C@_1O@GBAPEKMJ@?$AAq?$AAu?$AAz?$AA?9?$AAp?$AAe@
0x0047ED50,??_C@_1M@CLGLEFBO@?$AAr?$AAo?$AA?9?$AAr?$AAo@
0x0047ED5C,??_C@_1M@CEEDODME@?$AAr?$AAu?$AA?9?$AAr?$AAu@
0x0047ED68,??_C@_1M@HPKKKMPP@?$AAs?$AAa?$AA?9?$AAi?$AAn@
0x0047ED74,??_C@_1M@BKMAIGOJ@?$AAs?$AAe?$AA?9?$AAf?$AAi@
0x0047ED80,??_C@_1M@NDPIFLFI@?$AAs?$AAe?$AA?9?$AAn?$AAo@
0x0047ED8C,??_C@_1M@DANKKHJ@?$AAs?$AAe?$AA?9?$AAs?$AAe@
0x0047ED98,??_C@_1M@PNBLONPJ@?$AAs?$AAk?$AA?9?$AAs?$AAk@
0x0047EDA4,??_C@_1M@LFMODOAL@?$AAs?$AAl?$AA?9?$AAs?$AAi@
0x0047EDB0,??_C@_1O@DFKOMPG@?$AAs?$AAm?$AAa?$AA?9?$AAn?$AAo@
0x0047EDC0,??_C@_1O@NDKPBNNH@?$AAs?$AAm?$AAa?$AA?9?$AAs?$AAe@
0x0047EDD0,??_C@_1O@PLLKBHAB@?$AAs?$AAm?$AAj?$AA?9?$AAn?$AAo@
0x0047EDE0,??_C@_1O@CLEPOGCA@?$AAs?$AAm?$AAj?$AA?9?$AAs?$AAe@
0x0047EDF0,??_C@_1O@DLGJGKMK@?$AAs?$AAm?$AAn?$AA?9?$AAf?$AAi@
0x0047EE00,??_C@_1O@OJDJGAJC@?$AAs?$AAm?$AAs?$AA?9?$AAf?$AAi@
0x0047EE10,??_C@_1M@BOFOGHPB@?$AAs?$AAq?$AA?9?$AAa?$AAl@
0x0047EE1C,??_C@_1BG@LJBBIPGB@?$AAs?$AAr?$AA?9?$AAb?$AAa?$AA?9?$AAc?$AAy?$AAr?$AAl@
0x0047EE34,??_C@_1BG@JLBENFOE@?$AAs?$AAr?$AA?9?$AAb?$AAa?$AA?9?$AAl?$AAa?$AAt?$AAn@
0x0047EE4C,??_C@_1BG@KODPNHE@?$AAs?$AAr?$AA?9?$AAs?$AAp?$AA?9?$AAc?$AAy?$AAr?$AAl@
0x0047EE64,??_C@_1BG@CIOGKHPB@?$AAs?$AAr?$AA?9?$AAs?$AAp?$AA?9?$AAl?$AAa?$AAt?$AAn@
0x0047EE7C,??_C@_1M@NGFJLMAC@?$AAs?$AAv?$AA?9?$AAf?$AAi@
0x0047EE88,??_C@_1M@MPJEJAJC@?$AAs?$AAv?$AA?9?$AAs?$AAe@
0x0047EE94,??_C@_1M@MPNDHLFK@?$AAs?$AAw?$AA?9?$AAk?$AAe@
0x0047EEA0,??_C@_1O@KOHBJJI@?$AAs?$AAy?$AAr?$AA?9?$AAs?$AAy@
0x0047EEB0,??_C@_1M@LDCEFHA@?$AAt?$AAa?$AA?9?$AAi?$AAn@
0x0047EEBC,??_C@_1M@CNJOFAK@?$AAt?$AAe?$AA?9?$AAi?$AAn@
0x0047EEC8,??_C@_1M@GNAECACD@?$AAt?$AAh?$AA?9?$AAt?$AAh@
0x0047EED4,??_C@_1M@CHBIHOJO@?$AAt?$AAn?$AA?9?$AAz?$AAa@
0x0047EEE0,??_C@_1M@GCCMIGPJ@?$AAt?$AAr?$AA?9?$AAt?$AAr@
0x0047EEEC,??_C@_1M@CELMCNBK@?$AAt?$AAt?$AA?9?$AAr?$AAu@
0x0047EEF8,??_C@_1M@KLMCELGA@?$AAu?$AAk?$AA?9?$AAu?$AAa@
0x0047EF04,??_C@_1M@EPAJJAJF@?$AAu?$AAr?$AA?9?$AAp?$AAk@
0x0047EF10,??_C@_1BG@GEGPMCDJ@?$AAu?$AAz?$AA?9?$AAu?$AAz?$AA?9?$AAc?$AAy?$AAr?$AAl@
0x0047EF28,??_C@_1BG@EGGKJILM@?$AAu?$AAz?$AA?9?$AAu?$AAz?$AA?9?$AAl?$AAa?$AAt?$AAn@
0x0047EF40,??_C@_1M@GFOCLFF@?$AAv?$AAi?$AA?9?$AAv?$AAn@
0x0047EF4C,??_C@_1M@CPAMEDFI@?$AAx?$AAh?$AA?9?$AAz?$AAa@
0x0047EF58,??_C@_1O@EBKIFIGN@?$AAz?$AAh?$AA?9?$AAc?$AAh?$AAs@
0x0047EF68,??_C@_1O@NMHPGANE@?$AAz?$AAh?$AA?9?$AAc?$AAh?$AAt@
0x0047EF78,??_C@_1M@LPINJOMC@?$AAz?$AAh?$AA?9?$AAc?$AAn@
0x0047EF84,??_C@_1M@OCJEJODD@?$AAz?$AAh?$AA?9?$AAh?$AAk@
0x0047EF90,??_C@_1M@DNDLJINH@?$AAz?$AAh?$AA?9?$AAm?$AAo@
0x0047EF9C,??_C@_1M@MBFDNDND@?$AAz?$AAh?$AA?9?$AAs?$AAg@
0x0047EFA8,??_C@_1M@IMEPLEPE@?$AAz?$AAh?$AA?9?$AAt?$AAw@
0x0047EFB4,??_C@_1M@BBGHNHJP@?$AAz?$AAu?$AA?9?$AAz?$AAa@
0x0047F140,__infinity
0x0047F14A,__minfinity
0x0047F154,__logemax
0x0047F17A,__OP_EXPjmptab
0x0047F288,??_C@_04COOMCNPB@sinh@
0x0047F290,??_C@_04HPJJNFIM@cosh@
0x0047F298,??_C@_04FJHINJAO@tanh@
0x0047F2A0,??_C@_04MLLJIGOK@atan@
0x0047F2A8,??_C@_05KNGEOGJB@atan2@
0x0047F2B0,??_C@_03BLEJJJBH@sin@
0x0047F2B4,??_C@_03LALBNOCG@cos@
0x0047F2B8,??_C@_03IIINPABG@tan@
0x0047F2BC,??_C@_04GFPJNGEK@ceil@
0x0047F2C4,??_C@_05PBJFFIGL@floor@
0x0047F2CC,??_C@_04ODHECPBC@fabs@
0x0047F2D4,??_C@_04EHEDPDJG@modf@
0x0047F2DC,??_C@_05CEJMAHNP@ldexp@
0x0047F2E4,??_C@_05KBKMEMPO@_cabs@
0x0047F2EC,??_C@_06MEIMCGCF@_hypot@
0x0047F2F4,??_C@_04KEPJIHGP@fmod@
0x0047F2FC,??_C@_05GKKHEGJL@frexp@
0x0047F304,??_C@_03MJLDFKDL@_y0@
0x0047F308,??_C@_03NAKIGLHK@_y1@
0x0047F30C,??_C@_03ONILCKOB@_yn@
0x0047F310,??_C@_05JGDBENOH@_logb@
0x0047F318,??_C@_0L@KDOEJCKC@_nextafter@
0x0047F328,__real@0000000000000000
0x0047F330,??_C@_1BA@BALFACEM@?$AAC?$AAO?$AAN?$AAO?$AAU?$AAT?$AA$@
0x0047F340,___acrt_log10_table_t
0x0047F750,___acrt_log10_table_cb
0x0047FB60,__real@3fe0000000000000
0x0047FB68,__d_inf
0x0047FB70,__d_ind
0x0047FB78,__d_max
0x0047FB80,__d_min
0x0047FB88,__d_mzero
0x0047FC50,__load_config_used
0x0047FD40,___CastGuardVftablesStart
0x0047FD44,___CastGuardVftablesEnd
0x0047FD48,??_R4CD3DApplication@@6B@
0x0047FD5C,??_R3CD3DApplication@@8
0x0047FD6C,??_R2CD3DApplication@@8
0x0047FD74,??_R1A@?0A@EA@CD3DApplication@@8
0x0047FD90,??_R4TextureContainer@@6B@
0x0047FDA4,??_R3TextureContainer@@8
0x0047FDB4,??_R2TextureContainer@@8
0x0047FDBC,??_R1A@?0A@EA@TextureContainer@@8
0x0047FDD8,??_R4JNumber@@6B@
0x0047FDEC,??_R3JNumber@@8
0x0047FDFC,??_R2JNumber@@8
0x0047FE04,??_R1A@?0A@EA@JNumber@@8
0x0047FE20,??_R4JDInput@@6B@
0x0047FE34,??_R3JDInput@@8
0x0047FE44,??_R2JDInput@@8
0x0047FE4C,??_R1A@?0A@EA@JDInput@@8
0x0047FE68,??_R4JBaseList@@6B@
0x0047FE7C,??_R3JBaseList@@8
0x0047FE8C,??_R2JBaseList@@8
0x0047FE94,??_R1A@?0A@EA@JBaseList@@8
0x0047FEB0,??_R4JMidiList@@6B@
0x0047FEC4,??_R3JMidiList@@8
0x0047FED4,??_R2JMidiList@@8
0x0047FEDC,??_R1A@?0A@EA@JMidiList@@8
0x0047FEF8,??_R4JObject3DBase@@6B@
0x0047FF0C,??_R3JObject3DBase@@8
0x0047FF1C,??_R2JObject3DBase@@8
0x0047FF24,??_R1A@?0A@EA@JObject3DBase@@8
0x0047FF40,??_R4JObject3DList@@6B@
0x0047FF54,??_R3JObject3DList@@8
0x0047FF64,??_R2JObject3DList@@8
0x0047FF6C,??_R1A@?0A@EA@JObject3DList@@8
0x0047FF88,??_R4JObject3DX@@6B@
0x0047FF9C,??_R3JObject3DX@@8
0x0047FFAC,??_R2JObject3DX@@8
0x0047FFB8,??_R1A@?0A@EA@JObject3DX@@8
0x0047FFD4,??_R4JObject3D@@6B@
0x0047FFE8,??_R3JObject3D@@8
0x0047FFF8,??_R2JObject3D@@8
0x00480004,??_R1A@?0A@EA@JObject3D@@8
0x00480020,??_R4JObject3D_Rect@@6B@
0x00480034,??_R3JObject3D_Rect@@8
0x00480044,??_R2JObject3D_Rect@@8
0x00480054,??_R1A@?0A@EA@JObject3D_Rect@@8
0x00480070,??_R4JObject3D_Shadow@@6B@
0x00480084,??_R3JObject3D_Shadow@@8
0x00480094,??_R2JObject3D_Shadow@@8
0x004800A8,??_R1A@?0A@EA@JObject3D_Shadow@@8
0x004800C4,??_R4JObject3D_Particle@@6B@
0x004800D8,??_R3JObject3D_Particle@@8
0x004800E8,??_R2JObject3D_Particle@@8
0x004800FC,??_R1A@?0A@EA@JObject3D_Particle@@8
0x00480118,??_R4JSound@@6B@
0x0048012C,??_R3JSound@@8
0x0048013C,??_R2JSound@@8
0x00480144,??_R1A@?0A@EA@JSound@@8
0x00480160,??_R4JSoundList@@6B@
0x00480174,??_R3JSoundList@@8
0x00480184,??_R2JSoundList@@8
0x0048018C,??_R1A@?0A@EA@JSoundList@@8
0x004801A8,??_R4JSprite@@6B@
0x004801BC,??_R3JSprite@@8
0x004801CC,??_R2JSprite@@8
0x004801D4,??_R1A@?0A@EA@JSprite@@8
0x004801F0,??_R4JString@@6B@
0x00480204,??_R3JString@@8
0x00480214,??_R2JString@@8
0x0048021C,??_R1A@?0A@EA@JString@@8
0x00480238,??_R4JStringList@@6B@
0x0048024C,??_R3JStringList@@8
0x0048025C,??_R2JStringList@@8
0x00480264,??_R1A@?0A@EA@JStringList@@8
0x00480280,??_R4JSurface@@6B@
0x00480294,??_R3JSurface@@8
0x004802A4,??_R2JSurface@@8
0x004802AC,??_R1A@?0A@EA@JSurface@@8
0x004802C8,??_R4JSurfaceList@@6B@
0x004802DC,??_R3JSurfaceList@@8
0x004802EC,??_R2JSurfaceList@@8
0x004802F4,??_R1A@?0A@EA@JSurfaceList@@8
0x00480310,??_R4JWinReg@@6B@
0x00480324,??_R3JWinReg@@8
0x00480334,??_R2JWinReg@@8
0x0048033C,??_R1A@?0A@EA@JWinReg@@8
0x00480358,??_R4XApplication@@6B@
0x0048036C,??_R3XApplication@@8
0x0048037C,??_R2XApplication@@8
0x00480388,??_R1A@?0A@EA@XApplication@@8
0x004803A4,??_R4XFPSDisplay@@6B@
0x004803B8,??_R3XFPSDisplay@@8
0x004803C8,??_R2XFPSDisplay@@8
0x004803D0,??_R1A@?0A@EA@XFPSDisplay@@8
0x004803EC,??_R4XCrystal@@6B@
0x00480400,??_R3XCrystal@@8
0x00480410,??_R2XCrystal@@8
0x00480420,??_R1A@?0A@EA@XCrystal@@8
0x0048043C,??_R4XParticleBase@@6B@
0x00480450,??_R3XParticleBase@@8
0x00480460,??_R2XParticleBase@@8
0x00480478,??_R1A@?0A@EA@XParticleBase@@8
0x00480494,??_R4XEnemyFireBase@@6B@
0x004804A8,??_R3XEnemyFireBase@@8
0x004804B8,??_R2XEnemyFireBase@@8
0x004804D0,??_R1A@?0A@EA@XEnemyFireBase@@8
0x004804EC,??_R4XCrystalList@@6B@
0x00480500,??_R3XCrystalList@@8
0x00480510,??_R2XCrystalList@@8
0x00480518,??_R1A@?0A@EA@XCrystalList@@8
0x00480534,??_R4XParticleList@@6B@
0x00480548,??_R3XParticleList@@8
0x00480558,??_R2XParticleList@@8
0x00480560,??_R1A@?0A@EA@XParticleList@@8
0x0048057C,??_R4XParticle_EnemyExplode@@6B@
0x00480590,??_R3XParticle_EnemyExplode@@8
0x004805A0,??_R2XParticle_EnemyExplode@@8
0x004805BC,??_R1A@?0A@EA@XParticle_EnemyExplode@@8
0x004805D8,??_R4XParticle_EnemyFireSmokePurple@@6B@
0x004805EC,??_R3XParticle_EnemyFireSmokePurple@@8
0x004805FC,??_R2XParticle_EnemyFireSmokePurple@@8
0x00480618,??_R1A@?0A@EA@XParticle_EnemyFireSmokePurple@@8
0x00480634,??_R4XParticle_EnemyFireSmokeGreen@@6B@
0x00480648,??_R3XParticle_EnemyFireSmokeGreen@@8
0x00480658,??_R2XParticle_EnemyFireSmokeGreen@@8
0x00480674,??_R1A@?0A@EA@XParticle_EnemyFireSmokeGreen@@8
0x00480690,??_R4XParticle_PacFireHit@@6B@
0x004806A4,??_R3XParticle_PacFireHit@@8
0x004806B4,??_R2XParticle_PacFireHit@@8
0x004806D0,??_R1A@?0A@EA@XParticle_PacFireHit@@8
0x004806EC,??_R4XEnemyFireList@@6B@
0x00480700,??_R3XEnemyFireList@@8
0x00480710,??_R2XEnemyFireList@@8
0x00480718,??_R1A@?0A@EA@XEnemyFireList@@8
0x00480734,??_R4XEnemyFire_CannonUp@@6B@
0x00480748,??_R3XEnemyFire_CannonUp@@8
0x00480758,??_R2XEnemyFire_CannonUp@@8
0x00480774,??_R1A@?0A@EA@XEnemyFire_CannonUp@@8
0x00480790,??_R4XEnemyFire_Cannon@@6B@
0x004807A4,??_R3XEnemyFire_Cannon@@8
0x004807B4,??_R2XEnemyFire_Cannon@@8
0x004807D0,??_R1A@?0A@EA@XEnemyFire_Cannon@@8
0x004807EC,??_R4XEnemyFire_UFO@@6B@
0x00480800,??_R3XEnemyFire_UFO@@8
0x00480810,??_R2XEnemyFire_UFO@@8
0x0048082C,??_R1A@?0A@EA@XEnemyFire_UFO@@8
0x00480848,??_R4XEnemyFire_Steam@@6B@
0x0048085C,??_R3XEnemyFire_Steam@@8
0x0048086C,??_R2XEnemyFire_Steam@@8
0x00480888,??_R1A@?0A@EA@XEnemyFire_Steam@@8
0x004808A4,??_R4XEnemyBase@@6B@
0x004808B8,??_R3XEnemyBase@@8
0x004808C8,??_R2XEnemyBase@@8
0x004808D8,??_R1A@?0A@EA@XEnemyBase@@8
0x004808F4,??_R4XEnemyList@@6B@
0x00480908,??_R3XEnemyList@@8
0x00480918,??_R2XEnemyList@@8
0x00480920,??_R1A@?0A@EA@XEnemyList@@8
0x0048093C,??_R4XEnemy_Ghost@@6B@
0x00480950,??_R3XEnemy_Ghost@@8
0x00480960,??_R2XEnemy_Ghost@@8
0x00480974,??_R1A@?0A@EA@XEnemy_Ghost@@8
0x00480990,??_R4XEnemy_Cube@@6B@
0x004809A4,??_R3XEnemy_Cube@@8
0x004809B4,??_R2XEnemy_Cube@@8
0x004809C8,??_R1A@?0A@EA@XEnemy_Cube@@8
0x004809E4,??_R4XEnemy_Kurage@@6B@
0x004809F8,??_R3XEnemy_Kurage@@8
0x00480A08,??_R2XEnemy_Kurage@@8
0x00480A1C,??_R1A@?0A@EA@XEnemy_Kurage@@8
0x00480A38,??_R4XEnemy_UFO@@6B@
0x00480A4C,??_R3XEnemy_UFO@@8
0x00480A5C,??_R2XEnemy_UFO@@8
0x00480A70,??_R1A@?0A@EA@XEnemy_UFO@@8
0x00480A8C,??_R4XEnemy_Sesame@@6B@
0x00480AA0,??_R3XEnemy_Sesame@@8
0x00480AB0,??_R2XEnemy_Sesame@@8
0x00480AC4,??_R1A@?0A@EA@XEnemy_Sesame@@8
0x00480AE0,??_R4XNeedleBall@@6B@
0x00480AF4,??_R3XNeedleBall@@8
0x00480B04,??_R2XNeedleBall@@8
0x00480B18,??_R1A@?0A@EA@XNeedleBall@@8
0x00480B34,??_R4XNeedleBallFast@@6B@
0x00480B48,??_R3XNeedleBallFast@@8
0x00480B58,??_R2XNeedleBallFast@@8
0x00480B6C,??_R1A@?0A@EA@XNeedleBallFast@@8
0x00480B88,??_R4XNeedleBox@@6B@
0x00480B9C,??_R3XNeedleBox@@8
0x00480BAC,??_R2XNeedleBox@@8
0x00480BC0,??_R1A@?0A@EA@XNeedleBox@@8
0x00480BDC,??_R4XNeedleBoxDrop@@6B@
0x00480BF0,??_R3XNeedleBoxDrop@@8
0x00480C00,??_R2XNeedleBoxDrop@@8
0x00480C14,??_R1A@?0A@EA@XNeedleBoxDrop@@8
0x00480C30,??_R4XGate@@6B@
0x00480C44,??_R3XGate@@8
0x00480C54,??_R2XGate@@8
0x00480C68,??_R1A@?0A@EA@XGate@@8
0x00480C84,??_R4XGameObject@@6B@
0x00480C98,??_R3XGameObject@@8
0x00480CA8,??_R2XGameObject@@8
0x00480CB4,??_R1A@?0A@EA@XGameObject@@8
0x00480CD0,??_R1A@?0A@EA@XProcessObject@@8
0x00480CEC,??_R3XProcessObject@@8
0x00480CFC,??_R2XProcessObject@@8
0x00480D04,??_R4XStatusDisplay@@6B@
0x00480D18,??_R3XStatusDisplay@@8
0x00480D28,??_R2XStatusDisplay@@8
0x00480D30,??_R1A@?0A@EA@XStatusDisplay@@8
0x00480D4C,??_R4XProcessObject@@6B@
0x00480D60,??_R4XCamera@@6B@
0x00480D74,??_R3XCamera@@8
0x00480D84,??_R2XCamera@@8
0x00480D8C,??_R1A@?0A@EA@XCamera@@8
0x00480DA8,??_R4XPreviewMap@@6B@
0x00480DBC,??_R3XPreviewMap@@8
0x00480DCC,??_R2XPreviewMap@@8
0x00480DD4,??_R1A@?0A@EA@XPreviewMap@@8
0x00480DF0,??_R4XMap@@6B@
0x00480E04,??_R3XMap@@8
0x00480E14,??_R2XMap@@8
0x00480E1C,??_R1A@?0A@EA@XMap@@8
0x00480E38,??_R4XMapObjectBase@@6B@
0x00480E4C,??_R3XMapObjectBase@@8
0x00480E5C,??_R2XMapObjectBase@@8
0x00480E6C,??_R1A@?0A@EA@XMapObjectBase@@8
0x00480E88,??_R4XMapObjectList@@6B@
0x00480E9C,??_R3XMapObjectList@@8
0x00480EAC,??_R2XMapObjectList@@8
0x00480EB4,??_R1A@?0A@EA@XMapObjectList@@8
0x00480ED0,??_R4XVolcano@@6B@
0x00480EE4,??_R3XVolcano@@8
0x00480EF4,??_R2XVolcano@@8
0x00480F08,??_R1A@?0A@EA@XVolcano@@8
0x00480F24,??_R4XCannonUp@@6B@
0x00480F38,??_R3XCannonUp@@8
0x00480F48,??_R2XCannonUp@@8
0x00480F5C,??_R1A@?0A@EA@XCannonUp@@8
0x00480F78,??_R4XCannon@@6B@
0x00480F8C,??_R3XCannon@@8
0x00480F9C,??_R2XCannon@@8
0x00480FB0,??_R1A@?0A@EA@XCannon@@8
0x00480FCC,??_R4XPole@@6B@
0x00480FE0,??_R3XPole@@8
0x00480FF0,??_R2XPole@@8
0x00481004,??_R1A@?0A@EA@XPole@@8
0x00481020,??_R4XShortPole@@6B@
0x00481034,??_R3XShortPole@@8
0x00481044,??_R2XShortPole@@8
0x00481058,??_R1A@?0A@EA@XShortPole@@8
0x00481074,??_R4XTree@@6B@
0x00481088,??_R3XTree@@8
0x00481098,??_R2XTree@@8
0x004810AC,??_R1A@?0A@EA@XTree@@8
0x004810C8,??_R4XSteam@@6B@
0x004810DC,??_R3XSteam@@8
0x004810EC,??_R2XSteam@@8
0x00481100,??_R1A@?0A@EA@XSteam@@8
0x0048111C,??_R4XPac@@6B@
0x00481130,??_R3XPac@@8
0x00481140,??_R2XPac@@8
0x00481150,??_R1A@?0A@EA@XPac@@8
0x0048116C,??_R4XPacFire@@6B@
0x00481180,??_R3XPacFire@@8
0x00481190,??_R2XPacFire@@8
0x004811A8,??_R1A@?0A@EA@XPacFire@@8
0x004811C4,??_R4XPacFireList@@6B@
0x004811D8,??_R3XPacFireList@@8
0x004811E8,??_R2XPacFireList@@8
0x004811F0,??_R1A@?0A@EA@XPacFireList@@8
0x0048120C,??_R4XTitleBackground@@6B@
0x00481220,??_R3XTitleBackground@@8
0x00481230,??_R2XTitleBackground@@8
0x00481238,??_R1A@?0A@EA@XTitleBackground@@8
0x00481254,??_R4XLogoObject@@6B@
0x00481268,??_R3XLogoObject@@8
0x00481278,??_R2XLogoObject@@8
0x00481284,??_R1A@?0A@EA@XLogoObject@@8
0x004812A0,??_R4XRegisterInfoObject@@6B@
0x004812B4,??_R3XRegisterInfoObject@@8
0x004812C4,??_R2XRegisterInfoObject@@8
0x004812D0,??_R1A@?0A@EA@XRegisterInfoObject@@8
0x004812EC,??_R4XSelectLevelObject@@6B@
0x00481300,??_R3XSelectLevelObject@@8
0x00481310,??_R2XSelectLevelObject@@8
0x0048131C,??_R1A@?0A@EA@XSelectLevelObject@@8
0x00481338,??_R4XTitleObject@@6B@
0x0048134C,??_R3XTitleObject@@8
0x0048135C,??_R2XTitleObject@@8
0x00481368,??_R1A@?0A@EA@XTitleObject@@8
0x00481384,??_R4XEndingObject@@6B@
0x00481398,??_R3XEndingObject@@8
0x004813A8,??_R2XEndingObject@@8
0x004813B4,??_R1A@?0A@EA@XEndingObject@@8
0x004813D0,??_R4type_info@@6B@
0x004813E4,??_R3type_info@@8
0x004813F4,??_R2type_info@@8
0x004813FC,??_R1A@?0A@EA@type_info@@8
0x00481418,??_R4exception@std@@6B@
0x0048142C,??_R3exception@std@@8
0x0048143C,??_R2exception@std@@8
0x00481444,??_R1A@?0A@EA@exception@std@@8
0x00481460,??_R4bad_alloc@std@@6B@
0x00481474,??_R3bad_alloc@std@@8
0x00481484,??_R2bad_alloc@std@@8
0x00481490,??_R1A@?0A@EA@bad_alloc@std@@8
0x004814AC,??_R4bad_array_new_length@std@@6B@
0x004814C0,??_R3bad_array_new_length@std@@8
0x004814D0,??_R2bad_array_new_length@std@@8
0x004814E0,??_R1A@?0A@EA@bad_array_new_length@std@@8
0x004814FC,??_R4bad_exception@std@@6B@
0x00481510,??_R3bad_exception@std@@8
0x00481520,??_R2bad_exception@std@@8
0x0048152C,??_R1A@?0A@EA@bad_exception@std@@8
0x00481548,??_R4DNameNode@@6B@
0x0048155C,??_R3DNameNode@@8
0x0048156C,??_R2DNameNode@@8
0x00481574,??_R1A@?0A@EA@DNameNode@@8
0x00481590,??_R4charNode@@6B@
0x004815A4,??_R3charNode@@8
0x004815B4,??_R2charNode@@8
0x004815C0,??_R1A@?0A@EA@charNode@@8
0x004815DC,??_R4pcharNode@@6B@
0x004815F0,??_R3pcharNode@@8
0x00481600,??_R2pcharNode@@8
0x0048160C,??_R1A@?0A@EA@pcharNode@@8
0x00481628,??_R4pDNameNode@@6B@
0x0048163C,??_R3pDNameNode@@8
0x0048164C,??_R2pDNameNode@@8
0x00481658,??_R1A@?0A@EA@pDNameNode@@8
0x00481674,??_R4DNameStatusNode@@6B@
0x00481688,??_R3DNameStatusNode@@8
0x00481698,??_R2DNameStatusNode@@8
0x004816A4,??_R1A@?0A@EA@DNameStatusNode@@8
0x004816C0,??_R4pairNode@@6B@
0x004816D4,??_R3pairNode@@8
0x004816E4,??_R2pairNode@@8
0x004816F0,??_R1A@?0A@EA@pairNode@@8
0x0048170C,___volatile_metadata
0x00481E64,___rtc_iaa
0x00481E68,___rtc_izz
0x00481E6C,___rtc_taa
0x00481E70,___rtc_tzz
0x00483A3C,__TI2?AVbad_alloc@std@@
0x00483A4C,__CTA2?AVbad_alloc@std@@
0x00483A58,__CT??_R0?AVbad_alloc@std@@@8??0bad_alloc@std@@QAE@ABV01@@Z12
0x00483A74,__CT??_R0?AVexception@std@@@8??0exception@std@@QAE@ABV01@@Z12
0x00483A90,__TI3?AVbad_array_new_length@std@@
0x00483AA0,__CTA3?AVbad_array_new_length@std@@
0x00483AB0,__CT??_R0?AVbad_array_new_length@std@@@8??0bad_array_new_length@std@@QAE@ABV01@@Z12
0x00483BD4,__TI2?AVbad_exception@std@@
0x00483BE4,__CTA2?AVbad_exception@std@@
0x00483BF0,__CT??_R0?AVbad_exception@std@@@8??0bad_exception@std@@QAE@ABV01@@Z12
0x0048447C,__IMPORT_DESCRIPTOR_WINMM
0x00484490,__IMPORT_DESCRIPTOR_DDRAW
0x004844A4,__IMPORT_DESCRIPTOR_DINPUT
0x004844B8,__IMPORT_DESCRIPTOR_DSOUND
0x004844CC,__IMPORT_DESCRIPTOR_d3dxof
0x004844E0,__IMPORT_DESCRIPTOR_KERNEL32
0x004844F4,__IMPORT_DESCRIPTOR_USER32
0x00484508,__IMPORT_DESCRIPTOR_GDI32
0x0048451C,__IMPORT_DESCRIPTOR_ADVAPI32
0x00484530,__IMPORT_DESCRIPTOR_SHELL32
0x00484544,__NULL_IMPORT_DESCRIPTOR
0x00486008,?D3DRM_XTEMPLATES@@3PAEA
0x00486CD8,?HEX_DIGITS@@3PADA
0x00486CEC,___security_cookie_complement
0x00486CF0,___security_cookie
0x00486CF4,__fltused
0x00486CF8,___scrt_native_dllmain_reason
0x00486CFC,___isa_enabled
0x00486D00,___scrt_default_matherr
0x00486D30,__NLG_Destination
0x00486D44,___abort_behavior
0x00486D60,__iob
0x00486E08,___acrt_initial_locale_data
0x00486EC0,___acrt_initial_locale_pointers
0x00486EC8,___acrt_wide_c_locale_string
0x00486ECC,___mb_cur_max
0x00486ED0,___badioinfo
0x00486F10,___acrt_initial_multibyte_data
0x00487430,__pctype
0x00487434,__pwctype
0x00487438,___acrt_lconv_c
0x00487488,___acrt_lconv
0x0048748C,___acrt_lconv_static_decimal
0x00487490,___acrt_lconv_static_W_decimal
0x00487494,___globallocalestatus
0x004874B0,__lookuptrailbytes
0x004875C0,??_R0?AVbad_alloc@std@@@8
0x004875DC,??_R0?AVexception@std@@@8
0x004875F8,??_R0?AVbad_array_new_length@std@@@8
0x00487620,??_R0?AVbad_exception@std@@@8
0x00487640,??_R0?AVCD3DApplication@@@8
0x00487660,??_R0?AUTextureContainer@@@8
0x00487680,??_R0?AVJNumber@@@8
0x00487698,??_R0?AVJDInput@@@8
0x004876B0,??_R0?AVJBaseList@@@8
0x004876C8,??_R0?AVJMidiList@@@8
0x004876E0,??_R0?AVJObject3DBase@@@8
0x004876FC,??_R0?AVJObject3DList@@@8
0x00487718,??_R0?AVJObject3DX@@@8
0x00487734,??_R0?AVJObject3D@@@8
0x0048774C,??_R0?AVJObject3D_Rect@@@8
0x0048776C,??_R0?AVJObject3D_Shadow@@@8
0x0048778C,??_R0?AVJObject3D_Particle@@@8
0x004877B0,??_R0?AVJSound@@@8
0x004877C8,??_R0?AVJSoundList@@@8
0x004877E4,??_R0?AVJSprite@@@8
0x004877FC,??_R0?AVJString@@@8
0x00487814,??_R0?AVJStringList@@@8
0x00487830,??_R0?AVJSurface@@@8
0x00487848,??_R0?AVJSurfaceList@@@8
0x00487864,??_R0?AVJWinReg@@@8
0x0048787C,??_R0?AVXApplication@@@8
0x00487898,??_R0?AVXFPSDisplay@@@8
0x004878B4,??_R0?AVXCrystal@@@8
0x004878CC,??_R0?AVXParticleBase@@@8
0x004878E8,??_R0?AVXEnemyFireBase@@@8
0x00487908,??_R0?AVXCrystalList@@@8
0x00487924,??_R0?AVXParticleList@@@8
0x00487940,??_R0?AVXParticle_EnemyExplode@@@8
0x00487968,??_R0?AVXParticle_EnemyFireSmokePurple@@@8
0x00487998,??_R0?AVXParticle_EnemyFireSmokeGreen@@@8
0x004879C4,??_R0?AVXParticle_PacFireHit@@@8
0x004879E8,??_R0?AVXEnemyFireList@@@8
0x00487A08,??_R0?AVXEnemyFire_CannonUp@@@8
0x00487A2C,??_R0?AVXEnemyFire_Cannon@@@8
0x00487A4C,??_R0?AVXEnemyFire_UFO@@@8
0x00487A6C,??_R0?AVXEnemyFire_Steam@@@8
0x00487A8C,??_R0?AVXEnemyBase@@@8
0x00487AA8,??_R0?AVXEnemyList@@@8
0x00487AC4,??_R0?AVXEnemy_Ghost@@@8
0x00487AE0,??_R0?AVXEnemy_Cube@@@8
0x00487AFC,??_R0?AVXEnemy_Kurage@@@8
0x00487B18,??_R0?AVXEnemy_UFO@@@8
0x00487B34,??_R0?AVXEnemy_Sesame@@@8
0x00487B50,??_R0?AVXNeedleBall@@@8
0x00487B6C,??_R0?AVXNeedleBallFast@@@8
0x00487B8C,??_R0?AVXNeedleBox@@@8
0x00487BA8,??_R0?AVXNeedleBoxDrop@@@8
0x00487BC8,??_R0?AVXGate@@@8
0x00487BDC,??_R0?AVXGameObject@@@8
0x00487BF8,??_R0?AVXProcessObject@@@8
0x00487C18,??_R0?AVXStatusDisplay@@@8
0x00487C38,??_R0?AVXCamera@@@8
0x00487C50,??_R0?AVXPreviewMap@@@8
0x00487C6C,??_R0?AVXMap@@@8
0x00487C80,??_R0?AVXMapObjectBase@@@8
0x00487CA0,??_R0?AVXMapObjectList@@@8
0x00487CC0,??_R0?AVXVolcano@@@8
0x00487CD8,??_R0?AVXCannonUp@@@8
0x00487CF0,??_R0?AVXCannon@@@8
0x00487D08,??_R0?AVXPole@@@8
0x00487D1C,??_R0?AVXShortPole@@@8
0x00487D38,??_R0?AVXTree@@@8
0x00487D4C,??_R0?AVXSteam@@@8
0x00487D64,??_R0?AVXPac@@@8
0x00487D78,??_R0?AVXPacFire@@@8
0x00487D90,??_R0?AVXPacFireList@@@8
0x00487DAC,??_R0?AVXTitleBackground@@@8
0x00487DCC,??_R0?AVXLogoObject@@@8
0x00487DE8,??_R0?AVXRegisterInfoObject@@@8
0x00487E0C,??_R0?AVXSelectLevelObject@@@8
0x00487E30,??_R0?AVXTitleObject@@@8
0x00487E4C,??_R0?AVXEndingObject@@@8
0x00487E68,??_R0?AVtype_info@@@8
0x00487E80,??_R0?AVDNameNode@@@8
0x00487E98,??_R0?AVcharNode@@@8
0x00487EB0,??_R0?AVpcharNode@@@8
0x00487EC8,??_R0?AVpDNameNode@@@8
0x00487EE4,??_R0?AVDNameStatusNode@@@8
0x00487F04,??_R0?AVpairNode@@@8
0x00487F20,?_OptionsStorage@?1??__local_stdio_printf_options@@9@4_KA
0x0048E004,?g_StaticTextureEngine@@3VCD3DTextureManager@@A
0x0048EF74,___scrt_current_native_startup_state
0x0048EF78,___scrt_native_startup_lock
0x0048EF98,___isa_available
0x0048EF9C,___favor
0x0048EFA0,___scrt_debugger_hook_flag
0x0048EFA4,___castguard_check_failure_os_handled_fptr
0x0048EFA8,?__type_info_root_node@@3U__type_info_node@@A
0x0048EFB0,?_OptionsStorage@?1??__local_stdio_scanf_options@@9@4_KA
0x0048EFB8,?__WinRTOutOfMemoryExceptionCallback@@3P6GPAXXZA
0x0048EFE4,___pPurecall
0x0048F004,?pArgList@UnDecorator@@0PAVReplicator@@A
0x0048F008,?pZNameList@UnDecorator@@0PAVReplicator@@A
0x0048F00C,?pTemplateArgList@UnDecorator@@0PAVReplicator@@A
0x0048F010,?gName@UnDecorator@@0PBDB
0x0048F014,?name@UnDecorator@@0PBDB
0x0048F018,?disableFlags@UnDecorator@@0KA
0x0048F01C,?fExplicitTemplateParams@UnDecorator@@0_NA
0x0048F01D,?fGetTemplateArgumentList@UnDecorator@@0_NA
0x0048F020,?m_pGetParameter@UnDecorator@@0P6APADJ@ZA
0x0048F024,?m_CHPENameOffset@UnDecorator@@0KA
0x0048F028,?m_recursionLevel@UnDecorator@@0KA
0x0048F06C,?c_exit_complete@?1???R<lambda_6e4b09c48022b2350581041d5f6b0c4c>@@QBE@XZ@4_NA
0x0048F384,__environ_table
0x0048F388,__wenviron_table
0x0048F38C,___dcrt_initial_wide_environment
0x0048F390,___dcrt_initial_narrow_environment
0x0048F394,___acrt_atexit_table
0x0048F3A0,___acrt_at_quick_exit_table
0x0048F9E4,___acrt_locale_changed_data
0x0048F9EC,__commode
0x0048F9FC,__nstream
0x0048FA00,___piob
0x0048FA04,__cflush
0x0048FA0C,___acrt_stdout_buffer
0x0048FA10,___acrt_stderr_buffer
0x0048FA14,___acrt_current_locale_data
0x0048FA18,___pioinfo
0x0048FC18,__nhandle
0x0048FD80,__mbctype
0x0048FD84,__mbcasemap
0x0048FD88,___acrt_current_multibyte_data
0x0048FD94,__pgmptr
0x0048FD98,__wpgmptr
0x0048FD9C,___argc
0x0048FDA0,___argv
0x0048FDA4,___wargv
0x0048FDA8,__acmdln
0x0048FDAC,__wcmdln
0x0048FE8C,___acrt_heap
0x0048FEA8,__fmode
0x0048FEAC,___acrt_lconv_static_null
0x0048FEB0,___acrt_lconv_static_W_null
0x0048FECC,___fastflag
0x0048FEDC,__umaskval
0x0048FEE0,___dyn_tls_dtor_callback
0x0048FEE4,___dyn_tls_init_callback
0x0048FEE8,___scrt_ucrt_dll_is_in_use
0x0048FEEC,__pmatherr
0x0048FEF0,___use_sse2_mathfcns
